,SMF84LEN,SMF84SEG,SMF84FLG,SMF84RTY,SMF84TME,SMF84DTE,SMF84SID,SMF84SBS,SMF84SGN,MF84FL1,SMF84VER,SMF84STY,SMF84TRN,SMF84PRS,SMF84PRL,SMF84PRN,SMF84GNS,SMF84GNL,SMF84GNN,SMF84J1O,SMF84J1L,SMF84J1N,R84MFVER,R84PRDNM,R84INTST,R84SDATE,R84INTEN,R84EDATE,R84INTER,R84MFCYC,R84SAMPL,R84MFCMD,R84MVSRL,R84JESRL,R84CPUM,R84RSTO,R84CPUNM,R84CPUID,R84MPNAM,R84J3FLG,R84JPRTY,R84JMFMN,R84JMFMX,R84JMFAV,R84MVSMN,R84MVSMX,R84MVSAV,R84CPUSC,R84NPA,R84APA,R84NPNA,R84APNA,R84NNP,R84ANP,R84NNW,R84ANW,R84NSLLR,R84ASLLR,R84NSO,R84ASO,R84J2RUL,R84J2RTR,R84J2RMO,R84J2RML,R84J2RMN,R84J2RRO,R84J2RRL,R84J2RRN,R84MEM_NAME_0,R84MEM_REGION_0,R84MEM_USE_0,R84MEM_LOW_0,R84MEM_HIGH_0,R84MEM_AVERAGE_0,R84MEM_NAME_1,R84MEM_REGION_1,R84MEM_USE_1,R84MEM_LOW_1,R84MEM_HIGH_1,R84MEM_AVERAGE_1,R84MEM_NAME_2,R84MEM_REGION_2,R84MEM_USE_2,R84MEM_LOW_2,R84MEM_HIGH_2,R84MEM_AVERAGE_2,R84MEM_NAME_3,R84MEM_REGION_3,R84MEM_USE_3,R84MEM_LOW_3,R84MEM_HIGH_3,R84MEM_AVERAGE_3,R84MEM_NAME_4,R84MEM_REGION_4,R84MEM_USE_4,R84MEM_LOW_4,R84MEM_HIGH_4,R84MEM_AVERAGE_4,R84RSU_NAME_0,R84RSU_LIMIT_0,R84RSU_INUSE_0,R84RSU_LOW_0,R84RSU_HIGH_0,R84RSU_WARN_0,R84RSU_FLG1_0,R84RSU_OVER_0,R84RSU_AVERAGE_0,R84RSU_NAME_1,R84RSU_LIMIT_1,R84RSU_INUSE_1,R84RSU_LOW_1,R84RSU_HIGH_1,R84RSU_WARN_1,R84RSU_FLG1_1,R84RSU_OVER_1,R84RSU_AVERAGE_1,R84RSU_NAME_2,R84RSU_LIMIT_2,R84RSU_INUSE_2,R84RSU_LOW_2,R84RSU_HIGH_2,R84RSU_WARN_2,R84RSU_FLG1_2,R84RSU_OVER_2,R84RSU_AVERAGE_2,R84RSU_NAME_3,R84RSU_LIMIT_3,R84RSU_INUSE_3,R84RSU_LOW_3,R84RSU_HIGH_3,R84RSU_WARN_3,R84RSU_FLG1_3,R84RSU_OVER_3,R84RSU_AVERAGE_3,R84RSU_NAME_4,R84RSU_LIMIT_4,R84RSU_INUSE_4,R84RSU_LOW_4,R84RSU_HIGH_4,R84RSU_WARN_4,R84RSU_FLG1_4,R84RSU_OVER_4,R84RSU_AVERAGE_4,R84RSU_NAME_5,R84RSU_LIMIT_5,R84RSU_INUSE_5,R84RSU_LOW_5,R84RSU_HIGH_5,R84RSU_WARN_5,R84RSU_FLG1_5,R84RSU_OVER_5,R84RSU_AVERAGE_5,R84RSU_NAME_6,R84RSU_LIMIT_6,R84RSU_INUSE_6,R84RSU_LOW_6,R84RSU_HIGH_6,R84RSU_WARN_6,R84RSU_FLG1_6,R84RSU_OVER_6,R84RSU_AVERAGE_6,R84RSU_NAME_7,R84RSU_LIMIT_7,R84RSU_INUSE_7,R84RSU_LOW_7,R84RSU_HIGH_7,R84RSU_WARN_7,R84RSU_FLG1_7,R84RSU_OVER_7,R84RSU_AVERAGE_7,R84RSU_NAME_8,R84RSU_LIMIT_8,R84RSU_INUSE_8,R84RSU_LOW_8,R84RSU_HIGH_8,R84RSU_WARN_8,R84RSU_FLG1_8,R84RSU_OVER_8,R84RSU_AVERAGE_8,R84RSU_NAME_9,R84RSU_LIMIT_9,R84RSU_INUSE_9,R84RSU_LOW_9,R84RSU_HIGH_9,R84RSU_WARN_9,R84RSU_FLG1_9,R84RSU_OVER_9,R84RSU_AVERAGE_9,R84RSU_NAME_10,R84RSU_LIMIT_10,R84RSU_INUSE_10,R84RSU_LOW_10,R84RSU_HIGH_10,R84RSU_WARN_10,R84RSU_FLG1_10,R84RSU_OVER_10,R84RSU_AVERAGE_10,R84RSU_NAME_11,R84RSU_LIMIT_11,R84RSU_INUSE_11,R84RSU_LOW_11,R84RSU_HIGH_11,R84RSU_WARN_11,R84RSU_FLG1_11,R84RSU_OVER_11,R84RSU_AVERAGE_11,R84RSU_NAME_12,R84RSU_LIMIT_12,R84RSU_INUSE_12,R84RSU_LOW_12,R84RSU_HIGH_12,R84RSU_WARN_12,R84RSU_FLG1_12,R84RSU_OVER_12,R84RSU_AVERAGE_12,R84RSU_NAME_13,R84RSU_LIMIT_13,R84RSU_INUSE_13,R84RSU_LOW_13,R84RSU_HIGH_13,R84RSU_WARN_13,R84RSU_FLG1_13,R84RSU_OVER_13,R84RSU_AVERAGE_13,R84RSU_NAME_14,R84RSU_LIMIT_14,R84RSU_INUSE_14,R84RSU_LOW_14,R84RSU_HIGH_14,R84RSU_WARN_14,R84RSU_FLG1_14,R84RSU_OVER_14,R84RSU_AVERAGE_14,R84RSU_NAME_15,R84RSU_LIMIT_15,R84RSU_INUSE_15,R84RSU_LOW_15,R84RSU_HIGH_15,R84RSU_WARN_15,R84RSU_FLG1_15,R84RSU_OVER_15,R84RSU_AVERAGE_15,R84RSU_NAME_16,R84RSU_LIMIT_16,R84RSU_INUSE_16,R84RSU_LOW_16,R84RSU_HIGH_16,R84RSU_WARN_16,R84RSU_FLG1_16,R84RSU_OVER_16,R84RSU_AVERAGE_16,R84RSU_NAME_17,R84RSU_LIMIT_17,R84RSU_INUSE_17,R84RSU_LOW_17,R84RSU_HIGH_17,R84RSU_WARN_17,R84RSU_FLG1_17,R84RSU_OVER_17,R84RSU_AVERAGE_17
,1344,0,5E,84,22:05:55.51,2018/03/14,SY1,2,1,80,3,21,3,52,192,1,244,52,1,296,1048,1,1984,SC1BH,02:04:40.20,2018/03/14,02:04:40.20,2018/03/14,1420,00:00:00.05,1180,,SP7.2.4,z/OS 2.4,4381,2096640,,,N1M1,60,254,2,27,133,0,32,59,1180,43,0,0,0,1137,0,0,0,0,0,0,0,1048,2,48,56,5,328,40,18,<16M USER,5218304,1175552,1175552,1175552,1175552,<16M SYSTEM,5218304,413696,413696,413696,413696,>16M USER,1890582528,878612480,878612480,878612480,878612480,>16M SYSTEM,1890582528,14213120,14213120,14372864,14218188,>2G PRIVATE,17592186040320,898629632,898629632,898629632,898629632,BERT,15150,181,181,182,80,00,0,181,BSCB,38,0,0,0,80,00,0,0,BUFX,236,0,0,3,80,00,0,1,CKVR,2,0,0,1,80,00,0,0,CMBS,204,0,0,0,80,00,0,0,CMDS,200,0,0,0,80,00,0,0,ICES,100,0,0,0,80,00,0,0,JNUM,1000,115,56,115,80,00,0,86,JOES,15000,251,76,251,80,00,0,164,JQES,15000,115,56,115,80,00,0,86,LBUF,134,0,0,0,80,00,0,0,NHBS,66,0,0,0,80,00,0,0,SMFB,51,0,0,0,80,00,0,0,TBUF,104,0,0,0,0,00,0,0,TGS,15523,411,172,411,80,00,0,292,TTAB,3,0,0,0,80,00,0,0,VTMB,18,0,0,0,80,00,0,0,ZJC,1000,0,0,0,80,00,0,0
,1344,0,5E,84,22:06:55.52,2018/03/14,SY1,2,1,80,3,21,3,52,192,1,244,52,1,296,1048,1,1984,SC1BH,02:05:39.60,2018/03/14,02:05:39.60,2018/03/14,1436,00:00:00.05,1200,,SP7.2.4,z/OS 2.4,4381,2096640,,,N1M1,60,254,2,25,123,0,32,56,1200,43,0,0,0,1157,0,0,0,0,0,0,0,1048,2,48,56,5,328,40,18,<16M USER,5218304,1175552,1175552,1175552,1175552,<16M SYSTEM,5218304,413696,413696,413696,413696,>16M USER,1890582528,878612480,878612480,878616576,878612617,>16M SYSTEM,1890582528,14213120,14213120,14213120,14213120,>2G PRIVATE,17592186040320,898629632,898629632,898629632,898629632,BERT,15150,181,181,182,80,00,0,181,BSCB,38,0,0,0,80,00,0,0,BUFX,236,2,0,2,80,00,0,1,CKVR,2,0,0,1,80,00,0,0,CMBS,204,0,0,0,80,00,0,0,CMDS,200,0,0,0,80,00,0,0,ICES,100,0,0,0,80,00,0,0,JNUM,1000,176,116,176,80,00,0,146,JOES,15000,433,254,433,80,00,0,344,JQES,15000,176,116,176,80,00,0,146,LBUF,134,0,0,0,80,00,0,0,NHBS,66,0,0,0,80,00,0,0,SMFB,51,0,0,0,80,00,0,0,TBUF,104,0,0,0,0,00,0,0,TGS,15523,659,415,659,80,00,0,538,TTAB,3,0,0,0,80,00,0,0,VTMB,18,0,0,0,80,00,0,0,ZJC,1000,0,0,0,80,00,0,0
,1344,0,5E,84,22:07:55.51,2018/03/14,SY1,2,1,80,3,21,3,52,192,1,244,52,1,296,1048,1,1984,SC1BH,02:06:40.00,2018/03/14,02:06:40.00,2018/03/14,1420,00:00:00.05,1180,,SP7.2.4,z/OS 2.4,4381,2096640,,,N1M1,60,254,1,21,116,0,39,51,1180,45,0,0,0,1134,0,0,0,1,0,0,0,1048,2,48,56,5,328,40,18,<16M USER,5218304,1175552,1175552,1175552,1175552,<16M SYSTEM,5218304,413696,413696,413696,413696,>16M USER,1890582528,878612480,878612480,878612480,878612480,>16M SYSTEM,1890582528,14213120,14213120,14348288,14215411,>2G PRIVATE,17592186040320,898629632,898629632,898629632,898629632,BERT,15150,181,181,182,80,00,0,181,BSCB,38,0,0,0,80,00,0,0,BUFX,236,0,0,4,80,00,0,2,CKVR,2,0,0,1,80,00,0,0,CMBS,204,0,0,0,80,00,0,0,CMDS,200,0,0,0,80,00,0,0,ICES,100,0,0,0,80,00,0,0,JNUM,1000,235,177,235,80,00,0,206,JOES,15000,611,436,611,80,00,0,524,JQES,15000,235,177,235,80,00,0,206,LBUF,134,0,0,0,80,00,0,0,NHBS,66,0,0,0,80,00,0,0,SMFB,51,0,0,0,80,00,0,0,TBUF,104,0,0,0,0,00,0,0,TGS,15523,903,664,903,80,00,0,784,TTAB,3,0,0,0,80,00,0,0,VTMB,18,0,0,0,80,00,0,0,ZJC,1000,0,0,0,80,00,0,0
,1344,0,5E,84,22:08:55.52,2018/03/14,SY1,2,1,80,3,21,3,52,192,1,244,52,1,296,1048,1,1984,SC1BH,02:07:39.60,2018/03/14,02:07:39.60,2018/03/14,1436,00:00:00.05,1200,,SP7.2.4,z/OS 2.4,4381,2096640,,,N1M1,60,254,2,21,129,0,69,59,1200,45,0,0,0,1154,0,0,0,1,0,0,0,1048,2,48,56,5,328,40,18,<16M USER,5218304,1175552,1175552,1175552,1175552,<16M SYSTEM,5218304,413696,413696,413696,413696,>16M USER,1890582528,878612480,878612480,878616576,878612548,>16M SYSTEM,1890582528,14213120,14213120,14213120,14213120,>2G PRIVATE,17592186040320,898629632,898629632,898629632,898629632,BERT,15150,181,181,182,80,00,0,181,BSCB,38,0,0,0,80,00,0,0,BUFX,236,2,0,2,80,00,0,1,CKVR,2,0,0,1,80,00,0,0,CMBS,204,0,0,0,80,00,0,0,CMDS,200,0,0,0,80,00,0,0,ICES,100,0,0,0,80,00,0,0,JNUM,1000,296,236,296,80,00,0,266,JOES,15000,793,614,793,80,00,0,704,JQES,15000,296,236,296,80,00,0,266,LBUF,134,0,0,0,80,00,0,0,NHBS,66,0,0,0,80,00,0,0,SMFB,51,0,0,0,80,00,0,0,TBUF,104,0,0,0,0,00,0,0,TGS,15523,1152,907,1152,80,00,0,1030,TTAB,3,0,0,0,80,00,0,0,VTMB,18,0,0,0,80,00,0,0,ZJC,1000,0,0,0,80,00,0,0
,1344,0,5E,84,22:09:55.53,2018/03/14,SY1,2,1,80,3,21,3,52,192,1,244,52,1,296,1048,1,1984,SC1BH,02:08:40.10,2018/03/14,02:08:40.10,2018/03/14,1420,00:00:00.05,1180,,SP7.2.4,z/OS 2.4,4381,2096640,,,N1M1,60,254,2,20,133,0,48,60,1180,53,0,0,0,1127,0,0,0,0,0,0,0,1048,2,48,56,5,328,40,18,<16M USER,5218304,1175552,1175552,1175552,1175552,<16M SYSTEM,5218304,413696,413696,413696,413696,>16M USER,1890582528,878612480,878612480,878612480,878612480,>16M SYSTEM,1890582528,14213120,14213120,14221312,14213328,>2G PRIVATE,17592186040320,898629632,898629632,898629632,898629632,BERT,15150,181,181,183,80,00,0,181,BSCB,38,0,0,0,80,00,0,0,BUFX,236,2,0,3,80,00,0,1,CKVR,2,0,0,1,80,00,0,0,CMBS,204,0,0,0,80,00,0,0,CMDS,200,0,0,0,80,00,0,0,ICES,100,0,0,0,80,00,0,0,JNUM,15000,356,297,356,80,00,0,326,JOES,15000,973,796,973,80,00,0,884,JQES,15000,356,297,356,80,00,0,326,LBUF,134,0,0,0,80,00,0,0,NHBS,66,0,0,0,80,00,0,0,SMFB,51,0,0,0,80,00,0,0,TBUF,104,0,0,0,0,00,0,0,TGS,15523,1396,1156,1396,80,00,0,1276,TTAB,3,0,0,0,80,00,0,0,VTMB,18,0,0,0,80,00,0,0,ZJC,1000,0,0,0,80,00,0,0
,1344,0,5E,84,22:10:55.52,2018/03/14,SY1,2,1,80,3,21,3,52,192,1,244,52,1,296,1048,1,1984,SC1BH,02:09:39.90,2018/03/14,02:09:39.90,2018/03/14,1436,00:00:00.05,1200,,SP7.2.4,z/OS 2.4,4381,2096640,,,N1M1,60,254,2,20,111,0,41,51,1200,34,0,0,0,1166,0,0,0,0,0,0,0,1048,2,48,56,5,328,40,18,<16M USER,5218304,1175552,1175552,1175552,1175552,<16M SYSTEM,5218304,413696,413696,413696,413696,>16M USER,1890582528,878612480,878612480,878645248,878613026,>16M SYSTEM,1890582528,14213120,14213120,14213120,14213120,>2G PRIVATE,17592186040320,898629632,898629632,898629632,898629632,BERT,15150,177,177,182,80,00,0,179,BSCB,38,0,0,0,80,00,0,0,BUFX,236,0,0,3,80,00,0,1,CKVR,2,0,0,1,80,00,0,0,CMBS,204,0,0,0,80,00,0,0,CMDS,200,0,0,0,80,00,0,0,ICES,100,0,0,0,80,00,0,0,JNUM,15000,416,357,416,80,00,0,386,JOES,15000,1157,976,1157,80,00,0,1066,JQES,15000,416,357,416,80,00,0,386,LBUF,134,0,0,0,80,00,0,0,NHBS,66,0,0,0,80,00,0,0,SMFB,51,0,0,0,80,00,0,0,TBUF,104,0,0,0,0,00,0,0,TGS,15523,1643,1400,1643,80,00,0,1521,TTAB,3,0,0,0,80,00,0,0,VTMB,18,0,0,0,80,00,0,0,ZJC,1000,0,0,0,80,00,0,0
,1344,0,5E,84,22:11:55.53,2018/03/14,SY1,2,1,80,3,21,3,52,192,1,244,52,1,296,1048,1,1984,SC1BH,02:10:40.00,2018/03/14,02:10:40.00,2018/03/14,1436,00:00:00.05,1200,,SP7.2.4,z/OS 2.4,4381,2096640,,,N1M1,60,254,0,20,113,0,29,52,1200,41,0,0,0,1159,0,0,0,0,0,0,0,1048,2,48,56,5,328,40,18,<16M USER,5218304,1175552,1175552,1175552,1175552,<16M SYSTEM,5218304,413696,413696,413696,413696,>16M USER,1890582528,878612480,878612480,878616576,878612548,>16M SYSTEM,1890582528,14213120,14213120,14213120,14213120,>2G PRIVATE,17592186040320,898629632,898629632,898629632,898629632,BERT,15150,177,177,177,80,00,0,177,BSCB,38,0,0,0,80,00,0,0,BUFX,236,2,0,2,80,00,0,1,CKVR,2,0,0,1,80,00,0,0,CMBS,204,0,0,0,80,00,0,0,CMDS,200,0,0,0,80,00,0,0,ICES,100,0,0,0,80,00,0,0,JNUM,15000,476,417,476,80,00,0,446,JOES,15000,1337,1159,1337,80,00,0,1248,JQES,15000,476,417,476,80,00,0,446,LBUF,134,0,0,0,80,00,0,0,NHBS,66,0,0,0,80,00,0,0,SMFB,51,0,0,0,80,00,0,0,TBUF,104,0,0,0,0,00,0,0,TGS,15523,1888,1647,1888,80,00,0,1767,TTAB,3,0,0,0,80,00,0,0,VTMB,18,0,0,0,80,00,0,0,ZJC,1000,0,0,0,80,00,0,0
,1344,0,5E,84,22:12:55.53,2018/03/14,SY1,2,1,80,3,21,3,52,192,1,244,52,1,296,1048,1,1984,SC1BH,02:11:40.10,2018/03/14,02:11:40.10,2018/03/14,1436,00:00:00.05,1200,,SP7.2.4,z/OS 2.4,4381,2096640,,,N1M1,60,254,2,18,116,0,21,50,1200,36,0,0,0,1164,0,0,0,0,0,0,0,1048,2,48,56,5,328,40,18,<16M USER,5218304,1175552,1175552,1175552,1175552,<16M SYSTEM,5218304,413696,413696,413696,413696,>16M USER,1890582528,878612480,878612480,878612480,878612480,>16M SYSTEM,1890582528,14213120,14213120,14213120,14213120,>2G PRIVATE,17592186040320,898629632,898629632,898629632,898629632,BERT,15150,177,177,177,80,00,0,177,BSCB,38,0,0,0,80,00,0,0,BUFX,236,2,0,2,80,00,0,2,CKVR,2,0,0,1,80,00,0,0,CMBS,204,0,0,0,80,00,0,0,CMDS,200,0,0,0,80,00,0,0,ICES,100,0,0,0,80,00,0,0,JNUM,15000,536,477,536,80,00,0,506,JOES,15000,1517,1340,1517,80,00,0,1428,JQES,15000,536,477,536,80,00,0,506,LBUF,134,0,0,0,80,00,0,0,NHBS,66,0,0,0,80,00,0,0,SMFB,51,0,0,0,80,00,0,0,TBUF,104,0,0,0,0,00,0,0,TGS,15523,2135,1892,2135,80,00,0,2014,TTAB,3,0,0,0,80,00,0,0,VTMB,18,0,0,0,80,00,0,0,ZJC,1000,0,0,0,80,00,0,0
,1344,0,5E,84,22:13:55.52,2018/03/14,SY1,2,1,80,3,21,3,52,192,1,244,52,1,296,1048,1,1984,SC1BH,02:12:40.20,2018/03/14,02:12:40.20,2018/03/14,1436,00:00:00.05,1200,,SP7.2.4,z/OS 2.4,4381,2096640,,,N1M1,60,254,2,19,121,0,31,53,1200,37,0,0,0,1163,0,0,0,0,0,0,0,1048,2,48,56,5,328,40,18,<16M USER,5218304,1175552,1175552,1175552,1175552,<16M SYSTEM,5218304,413696,413696,413696,413696,>16M USER,1890582528,878612480,878612480,878616576,878612548,>16M SYSTEM,1890582528,14213120,14213120,14213120,14213120,>2G PRIVATE,17592186040320,898629632,898629632,898629632,898629632,BERT,15150,177,177,177,80,00,0,177,BSCB,38,0,0,0,80,00,0,0,BUFX,236,2,0,2,80,00,0,1,CKVR,2,0,0,1,80,00,0,0,CMBS,204,0,0,0,80,00,0,0,CMDS,200,0,0,0,80,00,0,0,ICES,100,0,0,0,80,00,0,0,JNUM,15000,596,537,596,80,00,0,566,JOES,15000,1697,1520,1697,80,00,0,1609,JQES,15000,596,537,596,80,00,0,566,LBUF,134,0,0,0,80,00,0,0,NHBS,66,0,0,0,80,00,0,0,SMFB,51,0,0,0,80,00,0,0,TBUF,104,0,0,0,0,00,0,0,TGS,15523,2382,2140,2382,80,00,0,2260,TTAB,3,0,0,0,80,00,0,0,VTMB,18,0,0,0,80,00,0,0,ZJC,1000,0,0,0,80,00,0,0
,1344,0,5E,84,22:14:55.52,2018/03/14,SY1,2,1,80,3,21,3,52,192,1,244,52,1,296,1048,1,1984,SC1BH,02:13:40.40,2018/03/14,02:13:40.40,2018/03/14,1420,00:00:00.05,1180,,SP7.2.4,z/OS 2.4,4381,2096640,,,N1M1,60,254,2,17,119,0,31,53,1180,41,0,0,0,1139,0,0,0,0,0,0,0,1048,2,48,56,5,328,40,18,<16M USER,5218304,1175552,1175552,1175552,1175552,<16M SYSTEM,5218304,413696,413696,413696,413696,>16M USER,1890582528,878612480,878612480,878645248,878613035,>16M SYSTEM,1890582528,14213120,14213120,14213120,14213120,>2G PRIVATE,17592186040320,898629632,898629632,898629632,898629632,BERT,15150,177,177,177,80,00,0,177,BSCB,38,0,0,0,80,00,0,0,BUFX,236,0,0,2,80,00,0,1,CKVR,2,0,0,1,80,00,0,0,CMBS,204,0,0,0,80,00,0,0,CMDS,200,0,0,0,80,00,0,0,ICES,100,0,0,0,80,00,0,0,JNUM,15000,655,597,655,80,00,0,626,JOES,15000,1874,1701,1874,80,00,0,1787,JQES,15000,655,597,655,80,00,0,626,LBUF,134,0,0,0,80,00,0,0,NHBS,66,0,0,0,80,00,0,0,SMFB,51,0,0,0,80,00,0,0,TBUF,104,0,0,0,0,00,0,0,TGS,15523,2623,2386,2623,80,00,0,2504,TTAB,3,0,0,0,80,00,0,0,VTMB,18,0,0,0,80,00,0,0,ZJC,1000,0,0,0,80,00,0,0
,1344,0,5E,84,22:15:55.52,2018/03/14,SY1,2,1,80,3,21,3,52,192,1,244,52,1,296,1048,1,1984,SC1BH,02:14:39.50,2018/03/14,02:14:39.50,2018/03/14,1436,00:00:00.05,1200,,SP7.2.4,z/OS 2.4,4381,2096640,,,N1M1,60,254,2,18,109,0,31,49,1200,34,0,0,0,1166,0,0,0,0,0,0,0,1048,2,48,56,5,328,40,18,<16M USER,5218304,1175552,1175552,1175552,1175552,<16M SYSTEM,5218304,413696,413696,413696,413696,>16M USER,1890582528,878612480,878612480,878612480,878612480,>16M SYSTEM,1890582528,14213120,14213120,14213120,14213120,>2G PRIVATE,17592186040320,898629632,898629632,898629632,898629632,BERT,15150,177,177,179,80,00,0,177,BSCB,38,0,0,0,80,00,0,0,BUFX,236,0,0,2,80,00,0,1,CKVR,2,0,0,1,80,00,0,0,CMBS,204,0,0,0,80,00,0,0,CMDS,200,0,0,0,80,00,0,0,ICES,100,0,0,0,80,00,0,0,JNUM,15000,716,656,716,80,00,0,686,JOES,15000,2057,1877,2057,80,00,0,1968,JQES,15000,716,656,716,80,00,0,686,LBUF,134,0,0,0,80,00,0,0,NHBS,66,0,0,0,80,00,0,0,SMFB,51,0,0,0,80,00,0,0,TBUF,104,0,0,0,0,00,0,0,TGS,15523,2873,2626,2873,80,00,0,2751,TTAB,3,0,0,0,80,00,0,0,VTMB,18,0,0,0,80,00,0,0,ZJC,1000,0,0,0,80,00,0,0
,1344,0,5E,84,22:16:55.54,2018/03/14,SY1,2,1,80,3,21,3,52,192,1,244,52,1,296,1048,1,1984,SC1BH,02:15:39.70,2018/03/14,02:15:39.70,2018/03/14,1436,00:00:00.05,1200,,SP7.2.4,z/OS 2.4,4381,2096640,,,N1M1,60,254,1,17,99,0,14,42,1200,41,0,0,0,1159,0,0,0,0,0,0,0,1048,2,48,56,5,328,40,18,<16M USER,5218304,1175552,1175552,1175552,1175552,<16M SYSTEM,5218304,413696,413696,413696,413696,>16M USER,1890582528,878612480,878612480,878612480,878612480,>16M SYSTEM,1890582528,14213120,14213120,14340096,14217489,>2G PRIVATE,17592186040320,898629632,898629632,898629632,898629632,BERT,15150,177,177,179,80,00,0,177,BSCB,38,0,0,0,80,00,0,0,BUFX,236,0,0,4,80,00,0,1,CKVR,2,0,0,1,80,00,0,0,CMBS,204,0,0,0,80,00,0,0,CMDS,200,0,0,0,80,00,0,0,ICES,100,0,0,0,80,00,0,0,JNUM,15000,777,717,777,80,00,0,747,JOES,15000,2238,2060,2238,80,00,0,2149,JQES,15000,777,717,777,80,00,0,747,LBUF,134,0,0,0,80,00,0,0,NHBS,66,0,0,0,80,00,0,0,SMFB,51,0,0,0,80,00,0,0,TBUF,104,0,0,0,0,00,0,0,TGS,15523,3120,2877,3120,80,00,0,2998,TTAB,3,0,0,0,80,00,0,0,VTMB,18,0,0,0,80,00,0,0,ZJC,1000,0,0,0,80,00,0,0
,1344,0,5E,84,22:17:55.54,2018/03/14,SY1,2,1,80,3,21,3,52,192,1,244,52,1,296,1048,1,1984,SC1BH,02:16:39.90,2018/03/14,02:16:39.90,2018/03/14,1436,00:00:00.05,1200,,SP7.2.4,z/OS 2.4,4381,2096640,,,N1M1,60,254,2,25,127,0,77,61,1200,44,0,0,0,1156,0,0,0,0,0,0,0,1048,2,48,56,5,328,40,18,<16M USER,5218304,1175552,1175552,1175552,1175552,<16M SYSTEM,5218304,413696,413696,413696,413696,>16M USER,1890582528,878612480,878612480,878612480,878612480,>16M SYSTEM,1890582528,14213120,14213120,14348288,14215714,>2G PRIVATE,17592186040320,898629632,898629632,898629632,898629632,BERT,15150,177,177,178,80,00,0,177,BSCB,38,0,0,0,80,00,0,0,BUFX,236,0,0,3,80,00,0,1,CKVR,2,0,0,1,80,00,0,0,CMBS,204,0,0,0,80,00,0,0,CMDS,200,0,0,0,80,00,0,0,ICES,100,0,0,0,80,00,0,0,JNUM,15000,837,777,837,80,00,0,807,JOES,15000,2418,2240,2418,80,00,0,2330,JQES,15000,837,777,837,80,00,0,807,LBUF,134,0,0,0,80,00,0,0,NHBS,66,0,0,0,80,00,0,0,SMFB,51,0,0,0,80,00,0,0,TBUF,104,0,0,0,0,00,0,0,TGS,15523,3368,3123,3368,80,00,0,3246,TTAB,3,0,0,0,80,00,0,0,VTMB,18,0,0,0,80,00,0,0,ZJC,1000,0,0,0,80,00,0,0
,1344,0,5E,84,22:18:55.53,2018/03/14,SY1,2,1,80,3,21,3,52,192,1,244,52,1,296,1048,1,1984,SC1BH,02:17:40.00,2018/03/14,02:17:40.00,2018/03/14,1436,00:00:00.05,1200,,SP7.2.4,z/OS 2.4,4381,2096640,,,N1M1,60,254,1,23,107,0,120,50,1200,45,0,0,0,1155,0,0,0,0,0,0,0,1048,2,48,56,5,328,40,18,<16M USER,5218304,1175552,1175552,1175552,1175552,<16M SYSTEM,5218304,413696,413696,425984,413901,>16M USER,1890582528,878612480,878612480,878645248,878613026,>16M SYSTEM,1890582528,14213120,14213120,14213120,14213120,>2G PRIVATE,17592186040320,898629632,898629632,898629632,898629632,BERT,15150,177,177,179,80,00,0,177,BSCB,38,0,0,0,80,00,0,0,BUFX,236,0,0,2,80,00,0,1,CKVR,2,0,0,1,80,00,0,0,CMBS,204,0,0,2,80,00,0,0,CMDS,200,0,0,0,80,00,0,0,ICES,100,0,0,0,80,00,0,0,JNUM,15000,898,838,898,80,00,0,868,JOES,15000,2601,2421,2601,80,00,0,2510,JQES,15000,898,838,898,80,00,0,868,LBUF,134,0,0,0,80,00,0,0,NHBS,66,0,0,0,80,00,0,0,SMFB,51,0,0,0,80,00,0,0,TBUF,104,0,0,0,0,00,0,0,TGS,15523,3618,3372,3618,80,00,0,3493,TTAB,3,0,0,0,80,00,0,0,VTMB,18,0,0,0,80,00,0,0,ZJC,1000,0,0,0,80,00,0,0
,1344,0,5E,84,22:19:55.53,2018/03/14,SY1,2,1,80,3,21,3,52,192,1,244,52,1,296,1048,1,1984,SC1BH,02:18:40.10,2018/03/14,02:18:40.10,2018/03/14,1436,00:00:00.05,1200,,SP7.2.4,z/OS 2.4,4381,2096640,,,N1M1,60,254,2,16,100,0,16,42,1200,43,0,0,0,1157,0,0,0,0,0,0,0,1048,2,48,56,5,328,40,18,<16M USER,5218304,1175552,1175552,1175552,1175552,<16M SYSTEM,5218304,413696,413696,413696,413696,>16M USER,1890582528,878612480,878612480,878612480,878612480,>16M SYSTEM,1890582528,14213120,14213120,14213120,14213120,>2G PRIVATE,17592186040320,898629632,898629632,898629632,898629632,BERT,15150,177,177,177,80,00,0,177,BSCB,38,0,0,0,80,00,0,0,BUFX,236,0,0,2,80,00,0,1,CKVR,2,0,0,1,80,00,0,0,CMBS,204,0,0,0,80,00,0,0,CMDS,200,0,0,0,80,00,0,0,ICES,100,0,0,0,80,00,0,0,JNUM,15000,958,899,958,80,00,0,928,JOES,15000,2781,2604,2781,80,00,0,2692,JQES,15000,958,899,958,80,00,0,928,LBUF,134,0,0,0,80,00,0,0,NHBS,66,0,0,0,80,00,0,0,SMFB,51,0,0,0,80,00,0,0,TBUF,104,0,0,0,0,00,0,0,TGS,15523,3864,3623,3864,80,00,0,3743,TTAB,3,0,0,0,80,00,0,0,VTMB,18,0,0,0,80,00,0,0,ZJC,1000,0,0,0,80,00,0,0
,1344,0,5E,84,22:20:55.54,2018/03/14,SY1,2,1,80,3,21,3,52,192,1,244,52,1,296,1048,1,1984,SC1BH,02:19:40.30,2018/03/14,02:19:40.30,2018/03/14,1420,00:00:00.05,1180,,SP7.2.4,z/OS 2.4,4381,2096640,,,N1M1,60,254,2,30,103,0,73,46,1180,44,0,0,0,1136,0,0,0,0,0,0,0,1048,2,48,56,5,328,40,18,<16M USER,5218304,1175552,1175552,1175552,1175552,<16M SYSTEM,5218304,413696,413696,413696,413696,>16M USER,1890582528,878612480,878612480,878612480,878612480,>16M SYSTEM,1890582528,14213120,14213120,14213120,14213120,>2G PRIVATE,17592186040320,898629632,898629632,898629632,898629632,BERT,15150,177,177,177,80,00,0,177,BSCB,38,0,0,0,80,00,0,0,BUFX,236,0,0,2,80,00,0,1,CKVR,2,0,0,1,80,00,0,0,CMBS,204,0,0,0,80,00,0,0,CMDS,200,0,0,0,80,00,0,0,ICES,100,0,0,0,80,00,0,0,JNUM,15000,1017,959,1017,80,00,0,988,JOES,15000,2958,2784,2958,80,00,0,2871,JQES,15000,1017,959,1017,80,00,0,988,LBUF,134,0,0,0,80,00,0,0,NHBS,66,0,0,0,80,00,0,0,SMFB,51,0,0,0,80,00,0,0,TBUF,104,0,0,0,0,00,0,0,TGS,15523,4106,3868,4106,80,00,0,3987,TTAB,3,0,0,0,80,00,0,0,VTMB,18,0,0,0,80,00,0,0,ZJC,1000,0,0,0,80,00,0,0
,1344,0,5E,84,22:21:55.53,2018/03/14,SY1,2,1,80,3,21,3,52,192,1,244,52,1,296,1048,1,1984,SC1BH,02:20:39.40,2018/03/14,02:20:39.40,2018/03/14,1436,00:00:00.05,1200,,SP7.2.4,z/OS 2.4,4381,2096640,,,N1M1,60,254,1,24,119,0,90,55,1200,45,0,0,0,1155,0,0,0,0,0,0,0,1048,2,48,56,5,328,40,18,<16M USER,5218304,1175552,1175552,1175552,1175552,<16M SYSTEM,5218304,413696,413696,413696,413696,>16M USER,1890582528,878612480,878612480,878616576,878612548,>16M SYSTEM,1890582528,14213120,14213120,14213120,14213120,>2G PRIVATE,17592186040320,898629632,898629632,898629632,898629632,BERT,15150,177,177,177,80,00,0,177,BSCB,38,0,0,0,80,00,0,0,BUFX,236,2,0,2,80,00,0,1,CKVR,2,0,0,1,80,00,0,0,CMBS,204,0,0,0,80,00,0,0,CMDS,200,0,0,0,80,00,0,0,ICES,100,0,0,0,80,00,0,0,JNUM,15000,1077,1018,1077,80,00,0,1047,JOES,15000,3138,2961,3138,80,00,0,3050,JQES,15000,1077,1018,1077,80,00,0,1047,LBUF,134,0,0,0,80,00,0,0,NHBS,66,0,0,0,80,00,0,0,SMFB,51,0,0,0,80,00,0,0,TBUF,104,0,0,0,0,00,0,0,TGS,15523,4353,4110,4353,80,00,0,4231,TTAB,3,0,0,0,80,00,0,0,VTMB,18,0,0,0,80,00,0,0,ZJC,1000,0,0,0,80,00,0,0
,1344,0,5E,84,22:22:55.54,2018/03/14,SY1,2,1,80,3,21,3,52,192,1,244,52,1,296,1048,1,1984,SC1BH,02:21:39.50,2018/03/14,02:21:39.50,2018/03/14,1436,00:00:00.05,1200,,SP7.2.4,z/OS 2.4,4381,2096640,,,N1M1,60,254,2,23,117,0,18,52,1200,51,0,0,0,1149,0,0,0,0,0,0,0,1048,2,48,56,5,328,40,18,<16M USER,5218304,1175552,1175552,1175552,1175552,<16M SYSTEM,5218304,413696,413696,413696,413696,>16M USER,1890582528,878612480,878612480,878612480,878612480,>16M SYSTEM,1890582528,14213120,14213120,14213120,14213120,>2G PRIVATE,17592186040320,898629632,898629632,898629632,898629632,BERT,15150,177,177,177,80,00,0,177,BSCB,38,0,0,0,80,00,0,0,BUFX,236,2,0,2,80,00,0,1,CKVR,2,0,0,1,80,00,0,0,CMBS,204,0,0,0,80,00,0,0,CMDS,200,0,0,0,80,00,0,0,ICES,100,0,0,0,80,00,0,0,JNUM,15000,1137,1078,1137,80,00,0,1107,JOES,15000,3319,3141,3319,80,00,0,3230,JQES,15000,1137,1078,1137,80,00,0,1107,LBUF,134,0,0,0,80,00,0,0,NHBS,66,0,0,0,80,00,0,0,SMFB,51,0,0,0,80,00,0,0,TBUF,104,0,0,0,0,00,0,0,TGS,15523,4598,4357,4598,80,00,0,4478,TTAB,3,0,0,0,80,00,0,0,VTMB,18,0,0,0,80,00,0,0,ZJC,1000,0,0,0,80,00,0,0
,1344,0,5E,84,22:23:55.54,2018/03/14,SY1,2,1,80,3,21,3,52,192,1,244,52,1,296,1048,1,1984,SC1BH,02:22:39.70,2018/03/14,02:22:39.70,2018/03/14,1436,00:00:00.05,1200,,SP7.2.4,z/OS 2.4,4381,2096640,,,N1M1,60,254,2,25,117,0,28,52,1200,38,0,0,0,1162,0,0,0,0,0,0,0,1048,2,48,56,5,328,40,18,<16M USER,5218304,1175552,1175552,1175552,1175552,<16M SYSTEM,5218304,413696,413696,413696,413696,>16M USER,1890582528,878612480,878612480,878612480,878612480,>16M SYSTEM,1890582528,14213120,14213120,14213120,14213120,>2G PRIVATE,17592186040320,898629632,898629632,898629632,898629632,BERT,15150,177,177,177,80,00,0,177,BSCB,38,0,0,0,80,00,0,0,BUFX,236,2,0,2,80,00,0,1,CKVR,2,0,0,1,80,00,0,0,CMBS,204,0,0,0,80,00,0,0,CMDS,200,0,0,0,80,00,0,0,ICES,100,0,0,0,80,00,0,0,JNUM,15000,1197,1138,1197,80,00,0,1167,JOES,15000,3499,3322,3499,80,00,0,3410,JQES,15000,1197,1138,1197,80,00,0,1167,LBUF,134,0,0,0,80,00,0,0,NHBS,66,0,0,0,80,00,0,0,SMFB,51,0,0,0,80,00,0,0,TBUF,104,0,0,0,0,00,0,0,TGS,15523,4845,4602,4845,80,00,0,4724,TTAB,3,0,0,0,80,00,0,0,VTMB,18,0,0,0,80,00,0,0,ZJC,1000,0,0,0,80,00,0,0
,1344,0,5E,84,22:24:55.54,2018/03/14,SY1,2,1,80,3,21,3,52,192,1,244,52,1,296,1048,1,1984,SC1BH,02:23:39.80,2018/03/14,02:23:39.80,2018/03/14,1436,00:00:00.05,1200,,SP7.2.4,z/OS 2.4,4381,2096640,,,N1M1,60,254,1,19,118,0,113,54,1200,44,0,0,0,1156,0,0,0,0,0,0,0,1048,2,48,56,5,328,40,18,<16M USER,5218304,1175552,1175552,1175552,1175552,<16M SYSTEM,5218304,413696,413696,413696,413696,>16M USER,1890582528,878612480,878612480,878612480,878612480,>16M SYSTEM,1890582528,14213120,14213120,14336000,14215441,>2G PRIVATE,17592186040320,898629632,898629632,898629632,898629632,BERT,15150,177,177,179,80,00,0,177,BSCB,38,0,0,0,80,00,0,0,BUFX,236,0,0,6,80,00,0,1,CKVR,2,0,0,1,80,00,0,0,CMBS,204,0,0,0,80,00,0,0,CMDS,200,0,0,0,80,00,0,0,ICES,100,0,0,0,80,00,0,0,JNUM,15000,1258,1198,1258,80,00,0,1228,JOES,15000,3680,3502,3680,80,00,0,3591,JQES,15000,1258,1198,1258,80,00,0,1228,LBUF,134,0,0,0,80,00,0,0,NHBS,66,0,0,0,80,00,0,0,SMFB,51,0,0,0,80,00,0,0,TBUF,104,0,0,0,0,00,0,0,TGS,15523,5093,4849,5093,80,00,0,4969,TTAB,3,0,0,0,80,00,0,0,VTMB,18,0,0,0,80,00,0,0,ZJC,1000,0,0,0,80,00,0,0
,1344,0,5E,84,22:25:55.53,2018/03/14,SY1,2,1,80,3,21,3,52,192,1,244,52,1,296,1048,1,1984,SC1BH,02:24:39.90,2018/03/14,02:24:39.90,2018/03/14,1436,00:00:00.05,1200,,SP7.2.4,z/OS 2.4,4381,2096640,,,N1M1,60,254,1,30,116,0,137,55,1200,43,0,0,0,1157,0,0,0,0,0,0,0,1048,2,48,56,5,328,40,18,<16M USER,5218304,1175552,1175552,1175552,1175552,<16M SYSTEM,5218304,413696,413696,413696,413696,>16M USER,1890582528,878612480,878612480,878612480,878612480,>16M SYSTEM,1890582528,14213120,14213120,14213120,14213120,>2G PRIVATE,17592186040320,898629632,898629632,898629632,898629632,BERT,15150,177,177,179,80,00,0,177,BSCB,38,0,0,0,80,00,0,0,BUFX,236,0,0,3,80,00,0,1,CKVR,2,0,0,0,80,00,0,0,CMBS,204,0,0,0,80,00,0,0,CMDS,200,0,0,0,80,00,0,0,ICES,100,0,0,0,80,00,0,0,JNUM,15000,1318,1259,1318,80,00,0,1288,JOES,15000,3861,3683,3861,80,00,0,3771,JQES,15000,1318,1259,1318,80,00,0,1288,LBUF,134,0,0,0,80,00,0,0,NHBS,66,0,0,0,80,00,0,0,SMFB,51,0,0,0,80,00,0,0,TBUF,104,0,0,0,0,00,0,0,TGS,15523,5339,5095,5339,80,00,0,5216,TTAB,3,0,0,0,80,00,0,0,VTMB,18,0,0,0,80,00,0,0,ZJC,1000,0,0,0,80,00,0,0
,1344,0,5E,84,22:26:55.54,2018/03/14,SY1,2,1,80,3,21,3,52,192,1,244,52,1,296,1048,1,1984,SC1BH,02:25:40.00,2018/03/14,02:25:40.00,2018/03/14,1420,00:00:00.05,1180,,SP7.2.4,z/OS 2.4,4381,2096640,,,N1M1,60,254,1,32,123,0,170,65,1180,47,0,0,0,1133,0,0,0,0,0,0,0,1048,2,48,56,5,328,40,18,<16M USER,5218304,1175552,1175552,1175552,1175552,<16M SYSTEM,5218304,413696,413696,413696,413696,>16M USER,1890582528,878612480,878612480,878616576,878612549,>16M SYSTEM,1890582528,14213120,14213120,14213120,14213120,>2G PRIVATE,17592186040320,898629632,898629632,898629632,898629632,BERT,15150,177,177,177,80,00,0,177,BSCB,38,0,0,0,80,00,0,0,BUFX,236,0,0,2,80,00,0,1,CKVR,2,0,0,1,80,00,0,0,CMBS,204,0,0,0,80,00,0,0,CMDS,200,0,0,0,80,00,0,0,ICES,100,0,0,0,80,00,0,0,JNUM,15000,1377,1318,1377,80,00,0,1348,JOES,15000,4038,3862,4038,80,00,0,3951,JQES,15000,1377,1318,1377,80,00,0,1348,LBUF,134,0,0,0,80,00,0,0,NHBS,66,0,0,0,80,00,0,0,SMFB,51,0,0,0,80,00,0,0,TBUF,104,0,0,0,0,00,0,0,TGS,15523,5582,5340,5582,80,00,0,5462,TTAB,3,0,0,0,80,00,0,0,VTMB,18,0,0,0,80,00,0,0,ZJC,1000,0,0,0,80,00,0,0
,1344,0,5E,84,22:27:55.53,2018/03/14,SY1,2,1,80,3,21,3,52,192,1,244,52,1,296,1048,1,1984,SC1BH,02:26:39.50,2018/03/14,02:26:39.50,2018/03/14,1436,00:00:00.05,1200,,SP7.2.4,z/OS 2.4,4381,2096640,,,N1M1,60,254,2,22,130,0,131,63,1200,59,0,0,0,1141,0,0,0,0,0,0,0,1048,2,48,56,5,328,40,18,<16M USER,5218304,1175552,1175552,1175552,1175552,<16M SYSTEM,5218304,413696,413696,413696,413696,>16M USER,1890582528,878612480,878612480,878645248,878613094,>16M SYSTEM,1890582528,14213120,14213120,14221312,14213257,>2G PRIVATE,17592186040320,898629632,898629632,898629632,898629632,BERT,15150,177,177,178,80,00,0,177,BSCB,38,0,0,0,80,00,0,0,BUFX,236,2,0,4,80,00,0,1,CKVR,2,0,0,1,80,00,0,0,CMBS,204,0,0,0,80,00,0,0,CMDS,200,0,0,0,80,00,0,0,ICES,100,0,0,0,80,00,0,0,JNUM,15000,1438,1378,1438,80,00,0,1408,JOES,15000,4220,4041,4220,80,00,0,4130,JQES,15000,1438,1378,1438,80,00,0,1408,LBUF,134,0,0,0,80,00,0,0,NHBS,66,0,0,0,80,00,0,0,SMFB,51,0,0,0,80,00,0,0,TBUF,104,0,0,0,0,00,0,0,TGS,15523,5830,5586,5830,80,00,0,5707,TTAB,3,0,0,0,80,00,0,0,VTMB,18,0,0,0,80,00,0,0,ZJC,1000,0,0,0,80,00,0,0
,1344,0,5E,84,22:28:55.54,2018/03/14,SY1,2,1,80,3,21,3,52,192,1,244,52,1,296,1048,1,1984,SC1BH,02:27:40.20,2018/03/14,02:27:40.20,2018/03/14,1420,00:00:00.05,1180,,SP7.2.4,z/OS 2.4,4381,2096640,,,N1M1,60,254,2,17,119,0,24,52,1180,49,0,0,0,1130,0,0,0,1,0,0,0,1048,2,48,56,5,328,40,18,<16M USER,5218304,1175552,1175552,1175552,1175552,<16M SYSTEM,5218304,413696,413696,413696,413696,>16M USER,1890582528,878612480,878612480,878612480,878612480,>16M SYSTEM,1890582528,14213120,14213120,14213120,14213120,>2G PRIVATE,17592186040320,898629632,898629632,898629632,898629632,BERT,15150,177,177,178,80,00,0,177,BSCB,38,0,0,0,80,00,0,0,BUFX,236,0,0,3,80,00,0,1,CKVR,2,0,0,1,80,00,0,0,CMBS,204,0,0,0,80,00,0,0,CMDS,200,0,0,0,80,00,0,0,ICES,100,0,0,0,80,00,0,0,JNUM,15000,1497,1439,1497,80,00,0,1468,JOES,15000,4398,4224,4398,80,00,0,4311,JQES,15000,1497,1439,1497,80,00,0,1468,LBUF,134,0,0,0,80,00,0,0,NHBS,66,0,0,0,80,00,0,0,SMFB,51,0,0,0,80,00,0,0,TBUF,104,0,0,0,0,00,0,0,TGS,15523,6072,5835,6072,80,00,0,5953,TTAB,3,0,0,0,80,00,0,0,VTMB,18,0,0,0,80,00,0,0,ZJC,1000,0,0,0,80,00,0,0
,1344,0,5E,84,22:29:55.54,2018/03/14,SY1,2,1,80,3,21,3,52,192,1,244,52,1,296,1048,1,1984,SC1BH,02:28:39.50,2018/03/14,02:28:39.50,2018/03/14,1436,00:00:00.05,1200,,SP7.2.4,z/OS 2.4,4381,2096640,,,N1M1,60,254,2,26,106,0,55,49,1200,50,0,0,0,1150,0,0,0,0,0,0,0,1048,2,48,56,5,328,40,18,<16M USER,5218304,1175552,1175552,1175552,1175552,<16M SYSTEM,5218304,413696,413696,413696,413696,>16M USER,1890582528,878612480,878612480,878612480,878612480,>16M SYSTEM,1890582528,14213120,14213120,14213120,14213120,>2G PRIVATE,17592186040320,898629632,898629632,898629632,898629632,BERT,15150,177,177,177,80,00,0,177,BSCB,38,0,0,0,80,00,0,0,BUFX,236,0,0,2,80,00,0,1,CKVR,2,0,0,0,80,00,0,0,CMBS,204,0,0,0,80,00,0,0,CMDS,200,0,0,0,80,00,0,0,ICES,100,0,0,0,80,00,0,0,JNUM,15000,1557,1498,1557,80,00,0,1527,JOES,15000,4578,4401,4578,80,00,0,4490,JQES,15000,1557,1498,1557,80,00,0,1527,LBUF,134,0,0,0,80,00,0,0,NHBS,66,0,0,0,80,00,0,0,SMFB,51,0,0,0,80,00,0,0,TBUF,104,0,0,0,0,00,0,0,TGS,15523,6318,6077,6318,80,00,0,6197,TTAB,3,0,0,0,80,00,0,0,VTMB,18,0,0,0,80,00,0,0,ZJC,1000,0,0,0,80,00,0,0
,1344,0,5E,84,22:30:55.53,2018/03/14,SY1,2,1,80,3,21,3,52,192,1,244,52,1,296,1048,1,1984,SC1BH,02:29:39.70,2018/03/14,02:29:39.70,2018/03/14,1436,00:00:00.05,1196,,SP7.2.4,z/OS 2.4,4381,2096640,,,N1M1,60,254,1,18,84,0,25,34,1196,51,0,0,0,1145,0,0,0,0,0,0,0,1048,2,48,56,5,328,40,18,<16M USER,5218304,1175552,1175552,1175552,1175552,<16M SYSTEM,5218304,413696,413696,413696,413696,>16M USER,1890582528,878612480,878612480,878645248,878614118,>16M SYSTEM,1890582528,14213120,14213120,14213120,14213120,>2G PRIVATE,17592186040320,898629632,898629632,898629632,898629632,BERT,15150,177,177,177,80,00,0,177,BSCB,38,0,0,0,80,00,0,0,BUFX,236,2,0,2,80,00,0,1,CKVR,2,0,0,1,80,00,0,0,CMBS,204,0,0,0,80,00,0,0,CMDS,200,0,0,0,80,00,0,0,ICES,100,0,0,0,80,00,0,0,JNUM,15000,1617,1558,1617,80,00,0,1587,JOES,15000,4758,4581,4758,80,00,0,4670,JQES,15000,1617,1558,1617,80,00,0,1587,LBUF,134,0,0,0,80,00,0,0,NHBS,66,0,0,0,80,00,0,0,SMFB,51,0,0,0,80,00,0,0,TBUF,104,0,0,0,0,00,0,0,TGS,15523,6565,6323,6565,80,00,0,6443,TTAB,3,0,0,0,80,00,0,0,VTMB,18,0,0,0,80,00,0,0,ZJC,1000,0,0,0,80,00,0,0
,1344,0,5E,84,22:31:55.54,2018/03/14,SY1,2,1,80,3,21,3,52,192,1,244,52,1,296,1048,1,1984,SC1BH,02:30:39.80,2018/03/14,02:30:39.80,2018/03/14,1436,00:00:00.05,1200,,SP7.2.4,z/OS 2.4,4381,2096640,,,N1M1,60,254,2,22,102,0,200,48,1200,47,0,0,0,1153,0,0,0,0,0,0,0,1048,2,48,56,5,328,40,18,<16M USER,5218304,1175552,1175552,1175552,1175552,<16M SYSTEM,5218304,413696,413696,413696,413696,>16M USER,1890582528,878616576,878612480,878616576,878614528,>16M SYSTEM,1890582528,14213120,14213120,14213120,14213120,>2G PRIVATE,17592186040320,898629632,898629632,898629632,898629632,BERT,15150,177,177,179,80,00,0,177,BSCB,38,0,0,0,80,00,0,0,BUFX,236,2,0,2,80,00,0,1,CKVR,2,0,0,0,80,00,0,0,CMBS,204,0,0,0,80,00,0,0,CMDS,200,0,0,0,80,00,0,0,ICES,100,0,0,0,80,00,0,0,JNUM,15000,1678,1618,1678,80,00,0,1648,JOES,15000,4941,4761,4941,80,00,0,4851,JQES,15000,1678,1618,1678,80,00,0,1648,LBUF,134,0,0,0,80,00,0,0,NHBS,66,0,0,0,80,00,0,0,SMFB,51,0,0,0,80,00,0,0,TBUF,104,0,0,0,0,00,0,0,TGS,15523,6815,6569,6815,80,00,0,6692,TTAB,3,0,0,0,80,00,0,0,VTMB,18,0,0,0,80,00,0,0,ZJC,1000,0,0,0,80,00,0,0
,1344,0,5E,84,22:32:55.53,2018/03/14,SY1,2,1,80,3,21,3,52,192,1,244,52,1,296,1048,1,1984,SC1BH,02:31:40.00,2018/03/14,02:31:40.00,2018/03/14,1436,00:00:00.05,1200,,SP7.2.4,z/OS 2.4,4381,2096640,,,N1M1,60,254,2,21,97,0,45,42,1200,43,0,0,0,1157,0,0,0,0,0,0,0,1048,2,48,56,5,328,40,18,<16M USER,5218304,1175552,1175552,1175552,1175552,<16M SYSTEM,5218304,413696,413696,417792,413764,>16M USER,1890582528,878616576,878616576,878649344,878617668,>16M SYSTEM,1890582528,14221312,14213120,14336000,14215373,>2G PRIVATE,17592186040320,898629632,898629632,898629632,898629632,BERT,15150,178,177,178,80,00,0,177,BSCB,38,0,0,0,80,00,0,0,BUFX,236,3,0,6,80,00,0,1,CKVR,2,0,0,1,80,00,0,0,CMBS,204,0,0,0,80,00,0,0,CMDS,200,0,0,0,80,00,0,0,ICES,100,0,0,0,80,00,0,0,JNUM,15000,1739,1679,1739,80,00,0,1709,JOES,15000,5121,4944,5121,80,00,0,5032,JQES,15000,1739,1679,1739,80,00,0,1709,LBUF,134,0,0,0,80,00,0,0,NHBS,66,0,0,0,80,00,0,0,SMFB,51,0,0,0,80,00,0,0,TBUF,104,0,0,0,0,00,0,0,TGS,15523,7061,6819,7061,80,00,0,6940,TTAB,3,0,0,0,80,00,0,0,VTMB,18,0,0,0,80,00,0,0,ZJC,1000,0,0,0,80,00,0,0
,1344,0,5E,84,22:33:55.54,2018/03/14,SY1,2,1,80,3,21,3,52,192,1,244,52,1,296,1048,1,1984,SC1BH,02:32:40.10,2018/03/14,02:32:40.10,2018/03/14,1436,00:00:00.05,1200,,SP7.2.4,z/OS 2.4,4381,2096640,,,N1M1,60,254,1,22,79,0,25,32,1200,49,0,0,0,1151,0,0,0,0,0,0,0,1048,2,48,56,5,328,40,18,<16M USER,5218304,1175552,1175552,1175552,1175552,<16M SYSTEM,5218304,413696,413696,413696,413696,>16M USER,1890582528,878616576,878616576,878616576,878616576,>16M SYSTEM,1890582528,14213120,14213120,14213120,14213120,>2G PRIVATE,17592186040320,898629632,898629632,898629632,898629632,BERT,15150,177,177,177,80,00,0,177,BSCB,38,0,0,0,80,00,0,0,BUFX,236,2,0,2,80,00,0,1,CKVR,2,0,0,1,80,00,0,0,CMBS,204,0,0,0,80,00,0,0,CMDS,200,0,0,0,80,00,0,0,ICES,100,0,0,0,80,00,0,0,JNUM,15000,1799,1740,1799,80,00,0,1769,JOES,15000,5302,5125,5302,80,00,0,5213,JQES,15000,1799,1740,1799,80,00,0,1769,LBUF,134,0,0,0,80,00,0,0,NHBS,66,0,0,0,80,00,0,0,SMFB,51,0,0,0,80,00,0,0,TBUF,104,0,0,0,0,00,0,0,TGS,15523,7307,7065,7307,80,00,0,7187,TTAB,3,0,0,0,80,00,0,0,VTMB,18,0,0,0,80,00,0,0,ZJC,1000,0,0,0,80,00,0,0
,1344,0,5E,84,22:34:55.55,2018/03/14,SY1,2,1,80,3,21,3,52,192,1,244,52,1,296,1048,1,1984,SC1BH,02:33:40.20,2018/03/14,02:33:40.20,2018/03/14,1436,00:00:00.05,1200,,SP7.2.4,z/OS 2.4,4381,2096640,,,N1M1,60,254,2,20,91,0,26,38,1200,45,0,0,0,1155,0,0,0,0,0,0,0,1048,2,48,56,5,328,40,18,<16M USER,5218304,1175552,1175552,1175552,1175552,<16M SYSTEM,5218304,413696,413696,413696,413696,>16M USER,1890582528,878616576,878616576,878616576,878616576,>16M SYSTEM,1890582528,14213120,14213120,14213120,14213120,>2G PRIVATE,17592186040320,898629632,898629632,898629632,898629632,BERT,15150,177,177,177,80,00,0,177,BSCB,38,0,0,0,80,00,0,0,BUFX,236,2,0,2,80,00,0,1,CKVR,2,0,0,1,80,00,0,0,CMBS,204,0,0,0,80,00,0,0,CMDS,200,0,0,0,80,00,0,0,ICES,100,0,0,0,80,00,0,0,JNUM,15000,1859,1800,1859,80,00,0,1829,JOES,15000,5482,5305,5482,80,00,0,5393,JQES,15000,1859,1800,1859,80,00,0,1829,LBUF,134,0,0,0,80,00,0,0,NHBS,66,0,0,0,80,00,0,0,SMFB,51,0,0,0,80,00,0,0,TBUF,104,0,0,0,0,00,0,0,TGS,15523,7556,7312,7556,80,00,0,7433,TTAB,3,0,0,0,80,00,0,0,VTMB,18,0,0,0,80,00,0,0,ZJC,1000,0,0,0,80,00,0,0
,1344,0,5E,84,22:35:55.54,2018/03/14,SY1,2,1,80,3,21,3,52,192,1,244,52,1,296,1048,1,1984,SC1BH,02:34:40.30,2018/03/14,02:34:40.30,2018/03/14,1436,00:00:00.05,1200,,SP7.2.4,z/OS 2.4,4381,2096640,,,N1M1,60,254,2,15,84,0,23,34,1200,46,0,0,0,1154,0,0,0,0,0,0,0,1048,2,48,56,5,328,40,18,<16M USER,5218304,1175552,1175552,1175552,1175552,<16M SYSTEM,5218304,413696,413696,413696,413696,>16M USER,1890582528,878616576,878616576,878616576,878616576,>16M SYSTEM,1890582528,14213120,14213120,14213120,14213120,>2G PRIVATE,17592186040320,898629632,898629632,898629632,898629632,BERT,15150,177,177,177,80,00,0,177,BSCB,38,0,0,0,80,00,0,0,BUFX,236,0,0,2,80,00,0,1,CKVR,2,0,0,0,80,00,0,0,CMBS,204,0,0,0,80,00,0,0,CMDS,200,0,0,0,80,00,0,0,ICES,100,0,0,0,80,00,0,0,JNUM,15000,1919,1860,1919,80,00,0,1889,JOES,15000,5662,5485,5662,80,00,0,5573,JQES,15000,1919,1860,1919,80,00,0,1889,LBUF,134,0,0,0,80,00,0,0,NHBS,66,0,0,0,80,00,0,0,SMFB,51,0,0,0,80,00,0,0,TBUF,104,0,0,0,0,00,0,0,TGS,15523,7800,7560,7800,80,00,0,7680,TTAB,3,0,0,0,80,00,0,0,VTMB,18,0,0,0,80,00,0,0,ZJC,1000,0,0,0,80,00,0,0
,1344,0,5E,84,22:36:55.55,2018/03/14,SY1,2,1,80,3,21,3,52,192,1,244,52,1,296,1048,1,1984,SC1BH,02:35:40.40,2018/03/14,02:35:40.40,2018/03/14,1420,00:00:00.05,1180,,SP7.2.4,z/OS 2.4,4381,2096640,,,N1M1,60,254,0,21,105,0,18,40,1180,47,0,0,0,1133,0,0,0,0,0,0,0,1048,2,48,56,5,328,40,18,<16M USER,5218304,1175552,1175552,1175552,1175552,<16M SYSTEM,5218304,413696,413696,413696,413696,>16M USER,1890582528,878616576,878616576,878620672,878616645,>16M SYSTEM,1890582528,14213120,14213120,14213120,14213120,>2G PRIVATE,17592186040320,898629632,898629632,898629632,898629632,BERT,15150,177,177,177,80,00,0,177,BSCB,38,0,0,0,80,00,0,0,BUFX,236,2,0,2,80,00,0,2,CKVR,2,0,0,1,80,00,0,0,CMBS,204,0,0,0,80,00,0,0,CMDS,200,0,0,0,80,00,0,0,ICES,100,0,0,0,80,00,0,0,JNUM,15000,1978,1920,1978,80,00,0,1949,JOES,15000,5839,5665,5839,80,00,0,5752,JQES,15000,1978,1920,1978,80,00,0,1949,LBUF,134,0,0,0,80,00,0,0,NHBS,66,0,0,0,80,00,0,0,SMFB,51,0,0,0,80,00,0,0,TBUF,104,0,0,0,0,00,0,0,TGS,15523,8044,7804,8044,80,00,0,7925,TTAB,3,0,0,0,80,00,0,0,VTMB,18,0,0,0,80,00,0,0,ZJC,1000,0,0,0,80,00,0,0
,1344,0,5E,84,22:37:55.55,2018/03/14,SY1,2,1,80,3,21,3,52,192,1,244,52,1,296,1048,1,1984,SC1BH,02:36:39.50,2018/03/14,02:36:39.50,2018/03/14,1436,00:00:00.05,1200,,SP7.2.4,z/OS 2.4,4381,2096640,,,N1M1,60,254,2,15,95,0,32,39,1200,54,0,0,0,1146,0,0,0,0,0,0,0,1048,2,48,56,5,328,40,18,<16M USER,5218304,1175552,1175552,1175552,1175552,<16M SYSTEM,5218304,413696,413696,413696,413696,>16M USER,1890582528,878616576,878616576,878620672,878616644,>16M SYSTEM,1890582528,14213120,14213120,14213120,14213120,>2G PRIVATE,17592186040320,898629632,898629632,898629632,898629632,BERT,15150,177,177,177,80,00,0,177,BSCB,38,0,0,0,80,00,0,0,BUFX,236,2,0,2,80,00,0,1,CKVR,2,0,0,0,80,00,0,0,CMBS,204,0,0,0,80,00,0,0,CMDS,200,0,0,0,80,00,0,0,ICES,100,0,0,0,80,00,0,0,JNUM,15000,2038,1979,2038,80,00,0,2008,JOES,15000,6019,5842,6019,80,00,0,5931,JQES,15000,2038,1979,2038,80,00,0,2008,LBUF,134,0,0,0,80,00,0,0,NHBS,66,0,0,0,80,00,0,0,SMFB,51,0,0,0,80,00,0,0,TBUF,104,0,0,0,0,00,0,0,TGS,15523,8289,8048,8289,80,00,0,8169,TTAB,3,0,0,0,80,00,0,0,VTMB,18,0,0,0,80,00,0,0,ZJC,1000,0,0,0,80,00,0,0
,1344,0,5E,84,22:38:55.55,2018/03/14,SY1,2,1,80,3,21,3,52,192,1,244,52,1,296,1048,1,1984,SC1BH,02:37:39.50,2018/03/14,02:37:39.50,2018/03/14,1436,00:00:00.05,1200,,SP7.2.4,z/OS 2.4,4381,2096640,,,N1M1,60,254,2,17,90,0,23,40,1200,54,0,0,0,1146,0,0,0,0,0,0,0,1048,2,48,56,5,328,40,18,<16M USER,5218304,1175552,1175552,1175552,1175552,<16M SYSTEM,5218304,413696,413696,413696,413696,>16M USER,1890582528,878616576,878616576,878616576,878616576,>16M SYSTEM,1890582528,14213120,14213120,14213120,14213120,>2G PRIVATE,17592186040320,898629632,898629632,898629632,898629632,BERT,15150,177,177,177,80,00,0,177,BSCB,38,0,0,0,80,00,0,0,BUFX,236,2,0,2,80,00,0,1,CKVR,2,0,0,1,80,00,0,0,CMBS,204,0,0,0,80,00,0,0,CMDS,200,0,0,0,80,00,0,0,ICES,100,0,0,0,80,00,0,0,JNUM,15000,2098,2039,2098,80,00,0,2068,JOES,15000,6200,6023,6200,80,00,0,6111,JQES,15000,2098,2039,2098,80,00,0,2068,LBUF,134,0,0,0,80,00,0,0,NHBS,66,0,0,0,80,00,0,0,SMFB,51,0,0,0,80,00,0,0,TBUF,104,0,0,0,0,00,0,0,TGS,15523,8536,8293,8536,80,00,0,8415,TTAB,3,0,0,0,80,00,0,0,VTMB,18,0,0,0,80,00,0,0,ZJC,1000,0,0,0,80,00,0,0
,1344,0,5E,84,22:39:55.55,2018/03/14,SY1,2,1,80,3,21,3,52,192,1,244,52,1,296,1048,1,1984,SC1BH,02:38:39.60,2018/03/14,02:38:39.60,2018/03/14,1436,00:00:00.05,1200,,SP7.2.4,z/OS 2.4,4381,2096640,,,N1M1,60,254,1,20,87,0,16,37,1200,51,0,0,0,1149,0,0,0,0,0,0,0,1048,2,48,56,5,328,40,18,<16M USER,5218304,1175552,1175552,1175552,1175552,<16M SYSTEM,5218304,413696,413696,413696,413696,>16M USER,1890582528,878616576,878616576,878649344,878617122,>16M SYSTEM,1890582528,14213120,14213120,14213120,14213120,>2G PRIVATE,17592186040320,898629632,898629632,898629632,898629632,BERT,15150,177,177,177,80,00,0,177,BSCB,38,0,0,0,80,00,0,0,BUFX,236,2,0,2,80,00,0,1,CKVR,2,0,0,1,80,00,0,0,CMBS,204,0,0,0,80,00,0,0,CMDS,200,0,0,0,80,00,0,0,ICES,100,0,0,0,80,00,0,0,JNUM,15000,2158,2099,2158,80,00,0,2128,JOES,15000,6380,6203,6380,80,00,0,6291,JQES,15000,2158,2099,2158,80,00,0,2128,LBUF,134,0,0,0,80,00,0,0,NHBS,66,0,0,0,80,00,0,0,SMFB,51,0,0,0,80,00,0,0,TBUF,104,0,0,0,0,00,0,0,TGS,15523,8782,8540,8782,80,00,0,8660,TTAB,3,0,0,0,80,00,0,0,VTMB,18,0,0,0,80,00,0,0,ZJC,1000,0,0,0,80,00,0,0
,1344,0,5E,84,22:40:55.55,2018/03/14,SY1,2,1,80,3,21,3,52,192,1,244,52,1,296,1048,1,1984,SC1BH,02:39:39.70,2018/03/14,02:39:39.70,2018/03/14,1436,00:00:00.05,1200,,SP7.2.4,z/OS 2.4,4381,2096640,,,N1M1,60,254,1,18,69,0,27,28,1200,47,0,0,0,1153,0,0,0,0,0,0,0,1048,2,48,56,5,328,40,18,<16M USER,5218304,1175552,1175552,1175552,1175552,<16M SYSTEM,5218304,413696,413696,413696,413696,>16M USER,1890582528,878616576,878616576,878616576,878616576,>16M SYSTEM,1890582528,14213120,14213120,14213120,14213120,>2G PRIVATE,17592186040320,898629632,898629632,898629632,898629632,BERT,15150,177,177,177,80,00,0,177,BSCB,38,0,0,0,80,00,0,0,BUFX,236,2,0,2,80,00,0,1,CKVR,2,0,0,1,80,00,0,0,CMBS,204,0,0,0,80,00,0,0,CMDS,200,0,0,0,80,00,0,0,ICES,100,0,0,0,80,00,0,0,JNUM,15000,2218,2159,2218,80,00,0,2188,JOES,15000,6560,6383,6560,80,00,0,6471,JQES,15000,2218,2159,2218,80,00,0,2188,LBUF,134,0,0,0,80,00,0,0,NHBS,66,0,0,0,80,00,0,0,SMFB,51,0,0,0,80,00,0,0,TBUF,104,0,0,0,0,00,0,0,TGS,15523,9028,8786,9028,80,00,0,8907,TTAB,3,0,0,0,80,00,0,0,VTMB,18,0,0,0,80,00,0,0,ZJC,1000,0,0,0,80,00,0,0
,1344,0,5E,84,22:41:55.55,2018/03/14,SY1,2,1,80,3,21,3,52,192,1,244,52,1,296,1048,1,1984,SC1BH,02:40:39.80,2018/03/14,02:40:39.80,2018/03/14,1436,00:00:00.05,1200,,SP7.2.4,z/OS 2.4,4381,2096640,,,N1M1,60,254,1,17,75,0,18,30,1200,51,0,0,0,1149,0,0,0,0,0,0,0,1048,2,48,56,5,328,40,18,<16M USER,5218304,1175552,1175552,1175552,1175552,<16M SYSTEM,5218304,413696,413696,413696,413696,>16M USER,1890582528,878616576,878616576,878616576,878616576,>16M SYSTEM,1890582528,14213120,14213120,14213120,14213120,>2G PRIVATE,17592186040320,898629632,898629632,898629632,898629632,BERT,15150,177,177,177,80,00,0,177,BSCB,38,0,0,0,80,00,0,0,BUFX,236,2,0,2,80,00,0,1,CKVR,2,0,0,1,80,00,0,0,CMBS,204,0,0,0,80,00,0,0,CMDS,200,0,0,0,80,00,0,0,ICES,100,0,0,0,80,00,0,0,JNUM,15000,2278,2219,2278,80,00,0,2248,JOES,15000,6740,6563,6740,80,00,0,6651,JQES,15000,2278,2219,2278,80,00,0,2248,LBUF,134,0,0,0,80,00,0,0,NHBS,66,0,0,0,80,00,0,0,SMFB,51,0,0,0,80,00,0,0,TBUF,104,0,0,0,0,00,0,0,TGS,15523,9274,9032,9274,80,00,0,9153,TTAB,3,0,0,0,80,00,0,0,VTMB,18,0,0,0,80,00,0,0,ZJC,1000,0,0,0,80,00,0,0
,1344,0,5E,84,22:42:55.55,2018/03/14,SY1,2,1,80,3,21,3,52,192,1,244,52,1,296,1048,1,1984,SC1BH,02:41:39.90,2018/03/14,02:41:39.90,2018/03/14,1436,00:00:00.05,1200,,SP7.2.4,z/OS 2.4,4381,2096640,,,N1M1,60,254,1,19,74,0,16,27,1200,53,0,0,0,1147,0,0,0,0,0,0,0,1048,2,48,56,5,328,40,18,<16M USER,5218304,1175552,1175552,1175552,1175552,<16M SYSTEM,5218304,413696,413696,413696,413696,>16M USER,1890582528,878616576,878616576,878616576,878616576,>16M SYSTEM,1890582528,14213120,14213120,14213120,14213120,>2G PRIVATE,17592186040320,898629632,898629632,898629632,898629632,BERT,15150,177,177,177,80,00,0,177,BSCB,38,0,0,0,80,00,0,0,BUFX,236,0,0,2,80,00,0,1,CKVR,2,0,0,1,80,00,0,0,CMBS,204,0,0,0,80,00,0,0,CMDS,200,0,0,0,80,00,0,0,ICES,100,0,0,0,80,00,0,0,JNUM,15000,2338,2279,2338,80,00,0,2308,JOES,15000,6920,6743,6920,80,00,0,6832,JQES,15000,2338,2279,2338,80,00,0,2308,LBUF,134,0,0,0,80,00,0,0,NHBS,66,0,0,0,80,00,0,0,SMFB,51,0,0,0,80,00,0,0,TBUF,104,0,0,0,0,00,0,0,TGS,15523,9520,9277,9520,80,00,0,9398,TTAB,3,0,0,0,80,00,0,0,VTMB,18,0,0,0,80,00,0,0,ZJC,1000,0,0,0,80,00,0,0
,1344,0,5E,84,22:43:55.54,2018/03/14,SY1,2,1,80,3,21,3,52,192,1,244,52,1,296,1048,1,1984,SC1BH,02:42:40.00,2018/03/14,02:42:40.00,2018/03/14,1436,00:00:00.05,1200,,SP7.2.4,z/OS 2.4,4381,2096640,,,N1M1,60,254,1,23,69,0,22,26,1200,48,0,0,0,1152,0,0,0,0,0,0,0,1048,2,48,56,5,328,40,18,<16M USER,5218304,1175552,1175552,1175552,1175552,<16M SYSTEM,5218304,413696,413696,413696,413696,>16M USER,1890582528,878616576,878616576,878649344,878617122,>16M SYSTEM,1890582528,14213120,14213120,14213120,14213120,>2G PRIVATE,17592186040320,898629632,898629632,898629632,898629632,BERT,15150,177,177,177,80,00,0,177,BSCB,38,0,0,0,80,00,0,0,BUFX,236,2,0,2,80,00,0,1,CKVR,2,0,0,1,80,00,0,0,CMBS,204,0,0,0,80,00,0,0,CMDS,200,0,0,0,80,00,0,0,ICES,100,0,0,0,80,00,0,0,JNUM,15000,2398,2339,2398,80,00,0,2368,JOES,15000,7100,6923,7100,80,00,0,7012,JQES,15000,2398,2339,2398,80,00,0,2368,LBUF,134,0,0,0,80,00,0,0,NHBS,66,0,0,0,80,00,0,0,SMFB,51,0,0,0,80,00,0,0,TBUF,104,0,0,0,0,00,0,0,TGS,15523,9765,9524,9765,80,00,0,9645,TTAB,3,0,0,0,80,00,0,0,VTMB,18,0,0,0,80,00,0,0,ZJC,1000,0,0,0,80,00,0,0
,1344,0,5E,84,22:44:55.56,2018/03/14,SY1,2,1,80,3,21,3,52,192,1,244,52,1,296,1048,1,1984,SC1BH,02:43:40.10,2018/03/14,02:43:40.10,2018/03/14,1436,00:00:00.05,1200,,SP7.2.4,z/OS 2.4,4381,2096640,,,N1M1,60,254,2,19,105,0,27,47,1200,58,0,0,0,1142,0,0,0,0,0,0,0,1048,2,48,56,5,328,40,18,<16M USER,5218304,1175552,1175552,1175552,1175552,<16M SYSTEM,5218304,413696,413696,413696,413696,>16M USER,1890582528,878616576,878616576,878649344,878617668,>16M SYSTEM,1890582528,14213120,14213120,14213120,14213120,>2G PRIVATE,17592186040320,898629632,898629632,898629632,898629632,BERT,15150,177,177,177,80,00,0,177,BSCB,38,0,0,0,80,00,0,0,BUFX,236,2,0,2,80,00,0,1,CKVR,2,0,0,1,80,00,0,0,CMBS,204,0,0,0,80,00,0,0,CMDS,200,0,0,0,80,00,0,0,ICES,100,0,0,0,80,00,0,0,JNUM,15000,2458,2399,2458,80,00,0,2428,JOES,15000,7281,7103,7281,80,00,0,7192,JQES,15000,2458,2399,2458,80,00,0,2428,LBUF,134,0,0,0,80,00,0,0,NHBS,66,0,0,0,80,00,0,0,SMFB,51,0,0,0,80,00,0,0,TBUF,104,0,0,0,0,00,0,0,TGS,15523,10013,9769,10013,80,00,0,9891,TTAB,3,0,0,0,80,00,0,0,VTMB,18,0,0,0,80,00,0,0,ZJC,1000,0,0,0,80,00,0,0
,1344,0,5E,84,22:45:55.56,2018/03/14,SY1,2,1,80,3,21,3,52,192,1,244,52,1,296,1048,1,1984,SC1BH,02:44:40.20,2018/03/14,02:44:40.20,2018/03/14,1436,00:00:00.05,1200,,SP7.2.4,z/OS 2.4,4381,2096640,,,N1M1,60,254,2,14,103,0,21,45,1200,51,0,0,0,1149,0,0,0,0,0,0,0,1048,2,48,56,5,328,40,18,<16M USER,5218304,1175552,1175552,1175552,1175552,<16M SYSTEM,5218304,413696,413696,417792,413833,>16M USER,1890582528,878616576,878616576,878616576,878616576,>16M SYSTEM,1890582528,14213120,14213120,14336000,14219401,>2G PRIVATE,17592186040320,898629632,898629632,898629632,898629632,BERT,15150,177,177,178,80,00,0,177,BSCB,38,0,0,0,80,00,0,0,BUFX,236,0,0,6,80,00,0,1,CKVR,2,0,0,1,80,00,0,0,CMBS,204,0,0,0,80,00,0,0,CMDS,200,0,0,0,80,00,0,0,ICES,100,0,0,0,80,00,0,0,JNUM,15000,2519,2459,2519,80,00,0,2489,JOES,15000,7462,7284,7462,80,00,0,7373,JQES,15000,2519,2459,2519,80,00,0,2489,LBUF,134,0,0,0,80,00,0,0,NHBS,66,0,0,0,80,00,0,0,SMFB,51,0,0,0,80,00,0,0,TBUF,104,0,0,0,0,00,0,0,TGS,15523,10258,10016,10258,80,00,0,10138,TTAB,3,0,0,0,80,00,0,0,VTMB,18,0,0,0,80,00,0,0,ZJC,1000,0,0,0,80,00,0,0
,1344,0,5E,84,22:46:55.55,2018/03/14,SY1,2,1,80,3,21,3,52,192,1,244,52,1,296,1048,1,1984,SC1BH,02:45:40.30,2018/03/14,02:45:40.30,2018/03/14,1436,00:00:00.05,1200,,SP7.2.4,z/OS 2.4,4381,2096640,,,N1M1,60,254,1,19,85,0,19,36,1200,62,0,0,0,1138,0,0,0,0,0,0,0,1048,2,48,56,5,328,40,18,<16M USER,5218304,1175552,1175552,1175552,1175552,<16M SYSTEM,5218304,413696,413696,413696,413696,>16M USER,1890582528,878616576,878616576,878616576,878616576,>16M SYSTEM,1890582528,14213120,14213120,14213120,14213120,>2G PRIVATE,17592186040320,898629632,898629632,898629632,898629632,BERT,15150,177,177,178,80,00,0,177,BSCB,38,0,0,0,80,00,0,0,BUFX,236,2,0,3,80,00,0,2,CKVR,2,0,0,1,80,00,0,0,CMBS,204,0,0,0,80,00,0,0,CMDS,200,0,0,0,80,00,0,0,ICES,100,0,0,0,80,00,0,0,JNUM,15000,2579,2520,2579,80,00,0,2549,JOES,15000,7642,7464,7642,80,00,0,7553,JQES,15000,2579,2520,2579,80,00,0,2549,LBUF,134,0,0,0,80,00,0,0,NHBS,66,0,0,0,80,00,0,0,SMFB,51,0,0,0,80,00,0,0,TBUF,104,0,0,0,0,00,0,0,TGS,15523,10505,10262,10505,80,00,0,10384,TTAB,3,0,0,0,80,00,0,0,VTMB,18,0,0,0,80,00,0,0,ZJC,1000,0,0,0,80,00,0,0
,1344,0,5E,84,22:47:55.55,2018/03/14,SY1,2,1,80,3,21,3,52,192,1,244,52,1,296,1048,1,1984,SC1BH,02:46:40.40,2018/03/14,02:46:40.40,2018/03/14,1420,00:00:00.05,1180,,SP7.2.4,z/OS 2.4,4381,2096640,,,N1M1,60,254,2,19,99,0,55,45,1180,56,0,0,0,1123,0,0,0,1,0,0,0,1048,2,48,56,5,328,40,18,<16M USER,5218304,1175552,1175552,1175552,1175552,<16M SYSTEM,5218304,413696,413696,413696,413696,>16M USER,1890582528,878616576,878616576,878616576,878616576,>16M SYSTEM,1890582528,14213120,14213120,14213120,14213120,>2G PRIVATE,17592186040320,898629632,898629632,898629632,898629632,BERT,15150,177,177,178,80,00,0,177,BSCB,38,0,0,0,80,00,0,0,BUFX,236,0,0,3,80,00,0,1,CKVR,2,0,0,1,80,00,0,0,CMBS,204,0,0,0,80,00,0,0,CMDS,200,0,0,0,80,00,0,0,ICES,100,0,0,0,80,00,0,0,JNUM,15000,2637,2580,2637,80,00,0,2609,JOES,15000,7818,7645,7818,80,00,0,7732,JQES,15000,2637,2580,2637,80,00,0,2609,LBUF,134,0,0,0,80,00,0,0,NHBS,66,0,0,0,80,00,0,0,SMFB,51,0,0,0,80,00,0,0,TBUF,104,0,0,0,0,00,0,0,TGS,15523,10747,10510,10747,80,00,0,10628,TTAB,3,0,0,0,80,00,0,0,VTMB,18,0,0,0,80,00,0,0,ZJC,1000,0,0,0,80,00,0,0
,1344,0,5E,84,22:48:55.56,2018/03/14,SY1,2,1,80,3,21,3,52,192,1,244,52,1,296,1048,1,1984,SC1BH,02:47:39.50,2018/03/14,02:47:39.50,2018/03/14,1436,00:00:00.05,1200,,SP7.2.4,z/OS 2.4,4381,2096640,,,N1M1,60,254,1,18,97,0,24,41,1200,53,0,0,0,1146,0,0,0,1,0,0,0,1048,2,48,56,5,328,40,18,<16M USER,5218304,1175552,1175552,1175552,1175552,<16M SYSTEM,5218304,413696,413696,413696,413696,>16M USER,1890582528,878616576,878616576,878616576,878616576,>16M SYSTEM,1890582528,14213120,14213120,14213120,14213120,>2G PRIVATE,17592186040320,898629632,898629632,898629632,898629632,BERT,15150,177,177,179,80,00,0,177,BSCB,38,0,0,0,80,00,0,0,BUFX,236,0,0,4,80,00,0,1,CKVR,2,0,0,1,80,00,0,0,CMBS,204,0,0,0,80,00,0,0,CMDS,200,0,0,0,80,00,0,0,ICES,100,0,0,0,80,00,0,0,JNUM,15000,2698,2639,2698,80,00,0,2668,JOES,15000,7999,7822,7999,80,00,0,7910,JQES,15000,2698,2639,2698,80,00,0,2668,LBUF,134,0,0,0,80,00,0,0,NHBS,66,0,0,0,80,00,0,0,SMFB,51,0,0,0,80,00,0,0,TBUF,104,0,0,0,0,00,0,0,TGS,15523,10994,10753,10994,80,00,0,10873,TTAB,3,0,0,0,80,00,0,0,VTMB,18,0,0,0,80,00,0,0,ZJC,1000,0,0,0,80,00,0,0
,1344,0,5E,84,22:49:55.56,2018/03/14,SY1,2,1,80,3,21,3,52,192,1,244,52,1,296,1048,1,1984,SC1BH,02:48:39.60,2018/03/14,02:48:39.60,2018/03/14,1436,00:00:00.05,1200,,SP7.2.4,z/OS 2.4,4381,2096640,,,N1M1,60,254,2,17,107,0,61,50,1200,53,0,0,0,1147,0,0,0,0,0,0,0,1048,2,48,56,5,328,40,18,<16M USER,5218304,1175552,1175552,1175552,1175552,<16M SYSTEM,5218304,413696,413696,413696,413696,>16M USER,1890582528,878616576,878616576,878649344,878618214,>16M SYSTEM,1890582528,14213120,14213120,14213120,14213120,>2G PRIVATE,17592186040320,898629632,898629632,898629632,898629632,BERT,15150,177,177,177,80,00,0,177,BSCB,38,0,0,0,80,00,0,0,BUFX,236,0,0,2,80,00,0,1,CKVR,2,0,0,1,80,00,0,0,CMBS,204,0,0,0,80,00,0,0,CMDS,200,0,0,0,80,00,0,0,ICES,100,0,0,0,80,00,0,0,JNUM,15000,2758,2699,2758,80,00,0,2728,JOES,15000,8180,8002,8180,80,00,0,8091,JQES,15000,2758,2699,2758,80,00,0,2728,LBUF,134,0,0,0,80,00,0,0,NHBS,66,0,0,0,80,00,0,0,SMFB,51,0,0,0,80,00,0,0,TBUF,104,0,0,0,0,00,0,0,TGS,15523,11240,10998,11240,80,00,0,11120,TTAB,3,0,0,0,80,00,0,0,VTMB,18,0,0,0,80,00,0,0,ZJC,1000,0,0,0,80,00,0,0
,1344,0,5E,84,22:50:55.56,2018/03/14,SY1,2,1,80,3,21,3,52,192,1,244,52,1,296,1048,1,1984,SC1BH,02:49:39.70,2018/03/14,02:49:39.70,2018/03/14,1436,00:00:00.05,1200,,SP7.2.4,z/OS 2.4,4381,2096640,,,N1M1,60,254,2,17,109,0,32,46,1200,52,0,0,0,1148,0,0,0,0,0,0,0,1048,2,48,56,5,328,40,18,<16M USER,5218304,1175552,1175552,1175552,1175552,<16M SYSTEM,5218304,413696,413696,413696,413696,>16M USER,1890582528,878616576,878616576,878620672,878616644,>16M SYSTEM,1890582528,14213120,14213120,14213120,14213120,>2G PRIVATE,17592186040320,898629632,898629632,898629632,898629632,BERT,15150,177,177,179,80,00,0,177,BSCB,38,0,0,0,80,00,0,0,BUFX,236,2,0,2,80,00,0,1,CKVR,2,0,0,0,80,00,0,0,CMBS,204,0,0,0,80,00,0,0,CMDS,200,0,0,0,80,00,0,0,ICES,100,0,0,0,80,00,0,0,JNUM,15000,2819,2760,2819,80,00,0,2789,JOES,15000,8361,8183,8361,80,00,0,8273,JQES,15000,2819,2760,2819,80,00,0,2789,LBUF,134,0,0,0,80,00,0,0,NHBS,66,0,0,0,80,00,0,0,SMFB,51,0,0,0,80,00,0,0,TBUF,104,0,0,0,0,00,0,0,TGS,15523,11490,11246,11490,80,00,0,11370,TTAB,3,0,0,0,80,00,0,0,VTMB,18,0,0,0,80,00,0,0,ZJC,1000,0,0,0,80,00,0,0
,1344,0,5E,84,22:51:55.57,2018/03/14,SY1,2,1,80,3,21,3,52,192,1,244,52,1,296,1048,1,1984,SC1BH,02:50:39.80,2018/03/14,02:50:39.80,2018/03/14,1436,00:00:00.05,1200,,SP7.2.4,z/OS 2.4,4381,2096640,,,N1M1,60,254,2,18,102,0,24,44,1200,64,0,0,0,1136,0,0,0,0,0,0,0,1048,2,48,56,5,328,40,18,<16M USER,5218304,1175552,1175552,1175552,1175552,<16M SYSTEM,5218304,413696,413696,413696,413696,>16M USER,1890582528,878616576,878616576,878649344,878617122,>16M SYSTEM,1890582528,14213120,14213120,14213120,14213120,>2G PRIVATE,17592186040320,898629632,898629632,898629632,898629632,BERT,15150,177,177,177,80,00,0,177,BSCB,38,0,0,0,80,00,0,0,BUFX,236,2,0,2,80,00,0,1,CKVR,2,0,0,1,80,00,0,0,CMBS,204,0,0,0,80,00,0,0,CMDS,200,0,0,0,80,00,0,0,ICES,100,0,0,0,80,00,0,0,JNUM,15000,2879,2820,2879,80,00,0,2849,JOES,15000,8542,8365,8542,80,00,0,8453,JQES,15000,2879,2820,2879,80,00,0,2849,LBUF,134,0,0,0,80,00,0,0,NHBS,66,0,0,0,80,00,0,0,SMFB,51,0,0,0,80,00,0,0,TBUF,104,0,0,0,0,00,0,0,TGS,15523,11736,11494,11736,80,00,0,11616,TTAB,3,0,0,0,80,00,0,0,VTMB,18,0,0,0,80,00,0,0,ZJC,1000,0,0,0,80,00,0,0
,1344,0,5E,84,22:52:55.57,2018/03/14,SY1,2,1,80,3,21,3,52,192,1,244,52,1,296,1048,1,1984,SC1BH,02:51:39.90,2018/03/14,02:51:39.90,2018/03/14,1436,00:00:00.05,1200,,SP7.2.4,z/OS 2.4,4381,2096640,,,N1M1,60,254,2,30,94,0,22,41,1200,64,0,0,0,1136,0,0,0,0,0,0,0,1048,2,48,56,5,328,40,18,<16M USER,5218304,1175552,1175552,1175552,1175552,<16M SYSTEM,5218304,413696,413696,413696,413696,>16M USER,1890582528,878616576,878616576,878616576,878616576,>16M SYSTEM,1890582528,14213120,14213120,14213120,14213120,>2G PRIVATE,17592186040320,898629632,898629632,898629632,898629632,BERT,15150,177,177,177,80,00,0,177,BSCB,38,0,0,0,80,00,0,0,BUFX,236,2,0,2,80,00,0,1,CKVR,2,0,0,1,80,00,0,0,CMBS,204,0,0,0,80,00,0,0,CMDS,200,0,0,0,80,00,0,0,ICES,100,0,0,0,80,00,0,0,JNUM,15000,2939,2880,2939,80,00,0,2909,JOES,15000,8722,8545,8722,80,00,0,8633,JQES,15000,2939,2880,2939,80,00,0,2909,LBUF,134,0,0,0,80,00,0,0,NHBS,66,0,0,0,80,00,0,0,SMFB,51,0,0,0,80,00,0,0,TBUF,104,0,0,0,0,00,0,0,TGS,15523,11983,11741,11983,80,00,0,11862,TTAB,3,0,0,0,80,00,0,0,VTMB,18,0,0,0,80,00,0,0,ZJC,1000,0,0,0,80,00,0,0
,1344,0,5E,84,22:53:55.56,2018/03/14,SY1,2,1,80,3,21,3,52,192,1,244,52,1,296,1048,1,1984,SC1BH,02:52:40.00,2018/03/14,02:52:40.00,2018/03/14,1436,00:00:00.05,1200,,SP7.2.4,z/OS 2.4,4381,2096640,,,N1M1,60,254,2,25,107,0,34,45,1200,58,0,0,0,1142,0,0,0,0,0,0,0,1048,2,48,56,5,328,40,18,<16M USER,5218304,1175552,1175552,1175552,1175552,<16M SYSTEM,5218304,413696,413696,413696,413696,>16M USER,1890582528,878616576,878616576,878616576,878616576,>16M SYSTEM,1890582528,14213120,14213120,14213120,14213120,>2G PRIVATE,17592186040320,898629632,898629632,898629632,898629632,BERT,15150,177,177,177,80,00,0,177,BSCB,38,0,0,0,80,00,0,0,BUFX,236,0,0,2,80,00,0,1,CKVR,2,0,0,1,80,00,0,0,CMBS,204,0,0,0,80,00,0,0,CMDS,200,0,0,0,80,00,0,0,ICES,100,0,0,0,80,00,0,0,JNUM,15000,2999,2940,2999,80,00,0,2969,JOES,15000,8902,8725,8902,80,00,0,8813,JQES,15000,2999,2940,2999,80,00,0,2969,LBUF,134,0,0,0,80,00,0,0,NHBS,66,0,0,0,80,00,0,0,SMFB,51,0,0,0,80,00,0,0,TBUF,104,0,0,0,0,00,0,0,TGS,15523,12228,11987,12228,80,00,0,12108,TTAB,3,0,0,0,80,00,0,0,VTMB,18,0,0,0,80,00,0,0,ZJC,1000,0,0,0,80,00,0,0
,1344,0,5E,84,22:54:55.57,2018/03/14,SY1,2,1,80,3,21,3,52,192,1,244,52,1,296,1048,1,1984,SC1BH,02:53:40.10,2018/03/14,02:53:40.10,2018/03/14,1436,00:00:00.05,1200,,SP7.2.4,z/OS 2.4,4381,2096640,,,N1M1,60,254,2,16,105,0,19,44,1200,56,0,0,0,1144,0,0,0,0,0,0,0,1048,2,48,56,5,328,40,18,<16M USER,5218304,1175552,1175552,1175552,1175552,<16M SYSTEM,5218304,413696,413696,413696,413696,>16M USER,1890582528,878616576,878616576,878649344,878617737,>16M SYSTEM,1890582528,14213120,14213120,14213120,14213120,>2G PRIVATE,17592186040320,898629632,898629632,898629632,898629632,BERT,15150,177,177,177,80,00,0,177,BSCB,38,0,0,0,80,00,0,0,BUFX,236,2,0,2,80,00,0,1,CKVR,2,0,0,1,80,00,0,0,CMBS,204,0,0,0,80,00,0,0,CMDS,200,0,0,0,80,00,0,0,ICES,100,0,0,0,80,00,0,0,JNUM,15000,3059,3000,3059,80,00,0,3029,JOES,15000,9082,8905,9082,80,00,0,8994,JQES,15000,3059,3000,3059,80,00,0,3029,LBUF,134,0,0,0,80,00,0,0,NHBS,66,0,0,0,80,00,0,0,SMFB,51,0,0,0,80,00,0,0,TBUF,104,0,0,0,0,00,0,0,TGS,15523,12475,12232,12475,80,80,14,12354,TTAB,3,0,0,0,80,00,0,0,VTMB,18,0,0,0,80,00,0,0,ZJC,1000,0,0,0,80,00,0,0
,1344,0,5E,84,22:55:55.56,2018/03/14,SY1,2,1,80,3,21,3,52,192,1,244,52,1,296,1048,1,1984,SC1BH,02:54:40.20,2018/03/14,02:54:40.20,2018/03/14,1436,00:00:00.05,1200,,SP7.2.4,z/OS 2.4,4381,2096640,,,N1M1,60,254,2,16,106,0,24,47,1200,64,0,0,0,1136,0,0,0,0,0,0,0,1048,2,48,56,5,328,40,18,<16M USER,5218304,1175552,1175552,1175552,1175552,<16M SYSTEM,5218304,413696,413696,413696,413696,>16M USER,1890582528,878616576,878616576,878649344,878617668,>16M SYSTEM,1890582528,14213120,14213120,14213120,14213120,>2G PRIVATE,17592186040320,898629632,898629632,898629632,898629632,BERT,15150,177,177,179,80,00,0,177,BSCB,38,0,0,0,80,00,0,0,BUFX,236,0,0,2,80,00,0,1,CKVR,2,0,0,1,80,00,0,0,CMBS,204,0,0,0,80,00,0,0,CMDS,200,0,0,0,80,00,0,0,ICES,100,0,0,0,80,00,0,0,JNUM,15000,3120,3060,3120,80,00,0,3090,JOES,15000,9264,9086,9264,80,00,0,9175,JQES,15000,3120,3060,3120,80,00,0,3090,LBUF,134,0,0,0,80,00,0,0,NHBS,66,0,0,0,80,00,0,0,SMFB,51,0,0,0,80,00,0,0,TBUF,104,0,0,0,0,00,0,0,TGS,15523,12725,12479,12725,80,80,60,12602,TTAB,3,0,0,0,80,00,0,0,VTMB,18,0,0,0,80,00,0,0,ZJC,1000,0,0,0,80,00,0,0
,1344,0,5E,84,22:58:37.94,2018/03/14,SY1,2,1,80,3,21,3,52,192,1,244,52,1,296,1048,1,1984,SC1BH,02:55:40.30,2018/03/14,02:55:40.30,2018/03/14,1436,00:00:00.05,1200,,SP7.2.4,z/OS 2.4,4381,2096640,,,N1M1,60,254,1,28,106,0,53,47,1200,71,0,0,0,1129,0,0,0,0,0,0,0,1048,2,48,56,5,328,40,18,<16M USER,5218304,1175552,1175552,1175552,1175552,<16M SYSTEM,5218304,413696,413696,413696,413696,>16M USER,1890582528,878616576,878616576,878649344,878617122,>16M SYSTEM,1890582528,14213120,14213120,14213120,14213120,>2G PRIVATE,17592186040320,898629632,898629632,898629632,898629632,BERT,15150,177,177,179,80,00,0,177,BSCB,38,0,0,0,80,00,0,0,BUFX,236,2,0,2,80,00,0,1,CKVR,2,0,0,1,80,00,0,0,CMBS,204,0,0,0,80,00,0,0,CMDS,200,0,0,0,80,00,0,0,ICES,100,0,0,0,80,00,0,0,JNUM,15000,3182,3121,3182,80,00,0,3151,JOES,15000,9447,9268,9447,80,00,0,9357,JQES,15000,3182,3121,3182,80,00,0,3151,LBUF,134,0,0,0,80,00,0,0,NHBS,66,0,0,0,80,00,0,0,SMFB,51,0,0,0,80,00,0,0,TBUF,104,0,0,0,0,00,0,0,TGS,15523,12979,12730,12979,80,80,60,12854,TTAB,3,0,0,0,80,00,0,0,VTMB,18,0,0,0,80,00,0,0,ZJC,1000,0,0,0,80,00,0,0
,1344,0,5E,84,22:59:07.93,2018/03/14,SY1,2,1,80,3,21,3,52,192,1,244,52,1,296,1048,1,1984,SC1BH,02:58:38.90,2018/03/14,02:58:38.90,2018/03/14,40445836,00:00:00.05,20,,SP7.2.4,z/OS 2.4,4381,2096640,,,N1M1,60,254,4,20,138,1,18,70,20,1,0,0,0,19,0,0,0,0,0,0,0,1048,2,48,56,5,328,40,18,<16M USER,5218304,1175552,1175552,1175552,1175552,<16M SYSTEM,5218304,413696,413696,413696,413696,>16M USER,1890582528,878616576,878616576,878616576,878616576,>16M SYSTEM,1890582528,14213120,14213120,14213120,14213120,>2G PRIVATE,17592186040320,898629632,898629632,898629632,898629632,BERT,15150,177,177,177,80,00,0,177,BSCB,38,0,0,0,80,00,0,0,BUFX,236,2,2,2,80,00,0,2,CKVR,2,0,0,0,80,00,0,0,CMBS,204,0,0,0,80,00,0,0,CMDS,200,0,0,0,80,00,0,0,ICES,100,0,0,0,80,00,0,0,JNUM,15000,3196,3196,3196,80,00,0,3196,JOES,15000,9484,9484,9484,80,00,0,9484,JQES,15000,3196,3196,3196,80,00,0,3196,LBUF,134,0,0,0,80,00,0,0,NHBS,66,0,0,0,80,00,0,0,SMFB,51,0,0,0,80,00,0,0,TBUF,104,0,0,0,0,00,0,0,TGS,15523,13037,13037,13037,80,80,1,13037,TTAB,3,0,0,0,80,00,0,0,VTMB,18,0,0,0,80,00,0,0,ZJC,1000,0,0,0,80,00,0,0
,1344,0,5E,84,23:00:07.94,2018/03/14,SY1,2,1,80,3,21,3,52,192,1,244,52,1,296,1048,1,1984,SC1BH,02:58:39.90,2018/03/14,02:58:39.90,2018/03/14,1436,00:00:00.05,1200,,SP7.2.4,z/OS 2.4,4381,2096640,,,N1M1,60,254,2,18,121,0,27,52,1200,68,0,0,0,1131,0,0,0,1,0,0,0,1048,2,48,56,5,328,40,18,<16M USER,5218304,1175552,1175552,1175552,1175552,<16M SYSTEM,5218304,413696,413696,413696,413696,>16M USER,1890582528,878616576,878616576,878649344,878617190,>16M SYSTEM,1890582528,14213120,14213120,14336000,14215168,>2G PRIVATE,17592186040320,898629632,898629632,898629632,898629632,BERT,15150,177,177,179,80,00,0,177,BSCB,38,0,0,0,80,00,0,0,BUFX,236,2,0,3,80,00,0,1,CKVR,2,0,0,1,80,00,0,0,CMBS,204,0,0,0,80,00,0,0,CMDS,200,0,0,0,80,00,0,0,ICES,100,0,0,0,80,00,0,0,JNUM,15000,3258,3197,3258,80,00,0,3227,JOES,15000,9667,9487,9667,80,00,0,9577,JQES,15000,3258,3197,3258,80,00,0,3227,LBUF,134,0,0,0,80,00,0,0,NHBS,66,0,0,0,80,00,0,0,SMFB,51,0,0,0,80,00,0,0,TBUF,104,0,0,0,0,00,0,0,TGS,15523,13288,13041,13288,80,80,60,13164,TTAB,3,0,0,0,80,00,0,0,VTMB,18,0,0,0,80,00,0,0,ZJC,1000,0,0,0,80,00,0,0
,1344,0,5E,84,23:01:07.95,2018/03/14,SY1,2,1,80,3,21,3,52,192,1,244,52,1,296,1048,1,1984,SC1BH,02:59:40.20,2018/03/14,02:59:40.20,2018/03/14,1436,00:00:00.05,1199,,SP7.2.4,z/OS 2.4,4381,2096640,,,N1M1,60,254,2,20,113,0,39,48,1199,68,0,0,0,1131,0,0,0,0,0,0,0,1048,2,48,56,5,328,40,18,<16M USER,5218304,1175552,1175552,1175552,1175552,<16M SYSTEM,5218304,413696,413696,413696,413696,>16M USER,1890582528,878616576,878616576,878649344,878617190,>16M SYSTEM,1890582528,14213120,14213120,14213120,14213120,>2G PRIVATE,17592186040320,898629632,898629632,898629632,898629632,BERT,15150,177,177,178,80,00,0,177,BSCB,38,0,0,0,80,00,0,0,BUFX,236,2,0,3,80,00,0,1,CKVR,2,0,0,1,80,00,0,0,CMBS,204,0,0,0,80,00,0,0,CMDS,200,0,0,0,80,00,0,0,ICES,100,0,0,0,80,00,0,0,JNUM,15000,3318,3259,3318,80,00,0,3288,JOES,15000,9850,9671,9850,80,00,0,9760,JQES,15000,3318,3259,3318,80,00,0,3288,LBUF,134,0,0,0,80,00,0,0,NHBS,66,0,0,0,80,00,0,0,SMFB,51,0,0,0,80,00,0,0,TBUF,104,0,0,0,0,00,0,0,TGS,15523,13537,13293,13537,80,80,60,13413,TTAB,3,0,0,0,80,00,0,0,VTMB,18,0,0,0,80,00,0,0,ZJC,1000,0,0,0,80,00,0,0
,1344,0,5E,84,23:02:07.95,2018/03/14,SY1,2,1,80,3,21,3,52,192,1,244,52,1,296,1048,1,1984,SC1BH,03:00:40.40,2018/03/14,03:00:40.40,2018/03/14,1436,00:00:00.05,1200,,SP7.2.4,z/OS 2.4,4381,2096640,,,N1M1,60,254,2,20,100,0,31,43,1200,66,0,0,0,1134,0,0,0,0,0,0,0,1048,2,48,56,5,328,40,18,<16M USER,5218304,1175552,1175552,1175552,1175552,<16M SYSTEM,5218304,413696,413696,413696,413696,>16M USER,1890582528,878616576,878616576,878616576,878616576,>16M SYSTEM,1890582528,14213120,14213120,14213120,14213120,>2G PRIVATE,17592186040320,898629632,898629632,898629632,898629632,BERT,15150,177,177,177,80,00,0,177,BSCB,38,0,0,0,80,00,0,0,BUFX,236,2,0,2,80,00,0,1,CKVR,2,0,0,0,80,00,0,0,CMBS,204,0,0,0,80,00,0,0,CMDS,200,0,0,0,80,00,0,0,ICES,100,0,0,0,80,00,0,0,JNUM,15000,3378,3319,3378,80,00,0,3348,JOES,15000,10030,9853,10030,80,00,0,9941,JQES,15000,3378,3319,3378,80,00,0,3348,LBUF,134,0,0,0,80,00,0,0,NHBS,66,0,0,0,80,00,0,0,SMFB,51,0,0,0,80,00,0,0,TBUF,104,0,0,0,0,00,0,0,TGS,15523,13782,13539,13782,80,80,60,13660,TTAB,3,0,0,0,80,00,0,0,VTMB,18,0,0,0,80,00,0,0,ZJC,1000,0,0,0,80,00,0,0
,1344,0,5E,84,23:03:19.93,2018/03/14,SY1,2,1,80,3,21,3,52,192,1,244,52,1,296,1048,1,1984,SC1BH,03:01:40.50,2018/03/14,03:01:40.50,2018/03/14,1436,00:00:00.05,1193,,SP7.2.4,z/OS 2.4,4381,2096640,,,N1M1,60,254,2,21,107,1,19,47,1193,69,0,0,0,1124,0,0,0,0,0,0,0,1048,2,48,56,5,328,40,18,<16M USER,5218304,1175552,1175552,1175552,1175552,<16M SYSTEM,5218304,413696,413696,413696,413696,>16M USER,1890582528,878616576,878616576,878649344,878617122,>16M SYSTEM,1890582528,14213120,14213120,14213120,14213120,>2G PRIVATE,17592186040320,898629632,898629632,898629632,898629632,BERT,15150,177,177,177,80,00,0,177,BSCB,38,0,0,0,80,00,0,0,BUFX,236,2,0,2,80,00,0,1,CKVR,2,0,0,1,80,00,0,0,CMBS,204,0,0,0,80,00,0,0,CMDS,200,0,0,0,80,00,0,0,ICES,100,0,0,0,80,00,0,0,JNUM,15000,3438,3379,3438,80,00,0,3408,JOES,15000,10210,10033,10210,80,00,0,10122,JQES,15000,3438,3379,3438,80,00,0,3408,LBUF,134,0,0,0,80,00,0,0,NHBS,66,0,0,0,80,00,0,0,SMFB,51,0,0,0,80,00,0,0,TBUF,104,0,0,0,0,00,0,0,TGS,15523,14028,13787,14028,80,80,60,13907,TTAB,3,0,0,0,80,00,0,0,VTMB,18,0,0,0,80,00,0,0,ZJC,1000,0,0,0,80,00,0,0
,1344,0,5E,84,23:03:49.92,2018/03/14,SY1,2,1,80,3,21,3,52,192,1,244,52,1,296,1048,1,1984,SC1BH,03:03:19.90,2018/03/14,03:03:19.90,2018/03/14,524,00:00:00.05,420,,SP7.2.4,z/OS 2.4,4381,2096640,,,N1M1,60,254,2,36,111,0,44,47,420,30,0,0,0,390,0,0,0,0,0,0,0,1048,2,48,56,5,328,40,18,<16M USER,5218304,1175552,1175552,1175552,1175552,<16M SYSTEM,5218304,413696,413696,413696,413696,>16M USER,1890582528,878616576,878616576,878624768,878620477,>16M SYSTEM,1890582528,14213120,14213120,14213120,14213120,>2G PRIVATE,17592186040320,898629632,898629632,898629632,898629632,BERT,15150,177,177,178,80,00,0,177,BSCB,38,0,0,0,80,00,0,0,BUFX,236,2,0,2,80,00,0,1,CKVR,2,0,0,0,80,00,0,0,CMBS,204,0,0,0,80,00,0,0,CMDS,200,0,0,0,80,00,0,0,ICES,100,0,0,0,80,00,0,0,JNUM,15000,3459,3439,3459,80,00,0,3449,JOES,15000,10273,10211,10273,80,00,0,10243,JQES,15000,3459,3439,3459,80,00,0,3449,LBUF,134,0,0,0,80,00,0,0,NHBS,66,0,0,0,80,00,0,0,SMFB,51,0,0,0,80,00,0,0,TBUF,104,0,0,0,0,00,0,0,TGS,15523,14114,14030,14114,80,80,21,14073,TTAB,3,0,0,0,80,00,0,0,VTMB,18,0,0,0,80,00,0,0,ZJC,1000,0,0,0,80,00,0,0
,1344,0,5E,84,23:04:49.92,2018/03/14,SY1,2,1,80,3,21,3,52,192,1,244,52,1,296,1048,1,1984,SC1BH,03:03:40.90,2018/03/14,03:03:40.90,2018/03/14,1420,00:00:00.05,1180,,SP7.2.4,z/OS 2.4,4381,2096640,,,N1M1,60,254,2,37,116,0,93,52,1180,71,0,0,0,1109,0,0,0,0,0,0,0,1048,2,48,56,5,328,40,18,<16M USER,5218304,1175552,1175552,1175552,1175552,<16M SYSTEM,5218304,417792,413696,417792,416959,>16M USER,1890582528,878616576,878616576,878649344,878617131,>16M SYSTEM,1890582528,14217216,14213120,14225408,14216522,>2G PRIVATE,17592186040320,898629632,898629632,898629632,898629632,BERT,15150,177,177,178,80,00,0,177,BSCB,38,0,0,0,80,00,0,0,BUFX,236,2,0,6,80,00,0,1,CKVR,2,0,0,0,80,00,0,0,CMBS,204,0,0,0,80,00,0,0,CMDS,200,0,0,0,80,00,0,0,ICES,100,0,0,0,80,00,0,0,JNUM,15000,3519,3460,3519,80,00,0,3490,JOES,15000,10452,10276,10452,80,00,0,10364,JQES,15000,3519,3460,3519,80,00,0,3490,LBUF,134,0,0,0,80,00,0,0,NHBS,66,0,0,0,80,00,0,0,SMFB,51,0,0,0,80,00,0,0,TBUF,104,0,0,0,0,00,0,0,TGS,16283,14359,14117,14359,80,80,59,14238,TTAB,3,0,0,0,80,00,0,0,VTMB,18,0,0,0,80,00,0,0,ZJC,1000,0,0,0,80,00,0,0
,1344,0,5E,84,23:05:49.93,2018/03/14,SY1,2,1,80,3,21,3,52,192,1,244,52,1,296,1048,1,1984,SC1BH,03:04:40.20,2018/03/14,03:04:40.20,2018/03/14,1436,00:00:00.05,1200,,SP7.2.4,z/OS 2.4,4381,2096640,,,N1M1,60,254,2,20,100,0,23,42,1200,72,0,0,0,1128,0,0,0,0,0,0,0,1048,2,48,56,5,328,40,18,<16M USER,5218304,1175552,1175552,1175552,1175552,<16M SYSTEM,5218304,417792,417792,417792,417792,>16M USER,1890582528,878616576,878616576,878616576,878616576,>16M SYSTEM,1890582528,14217216,14217216,14217216,14217216,>2G PRIVATE,17592186040320,898629632,898629632,898629632,898629632,BERT,15150,177,177,177,80,00,0,177,BSCB,38,0,0,0,80,00,0,0,BUFX,236,0,0,2,80,00,0,0,CKVR,2,0,0,1,80,00,0,0,CMBS,204,0,0,0,80,00,0,0,CMDS,200,0,0,0,80,00,0,0,ICES,100,0,0,0,80,00,0,0,JNUM,15000,3579,3520,3579,80,00,0,3549,JOES,15000,10632,10455,10632,80,00,0,10543,JQES,15000,3579,3520,3579,80,00,0,3549,LBUF,134,0,0,0,80,00,0,0,NHBS,66,0,0,0,80,00,0,0,SMFB,51,0,0,0,80,00,0,0,TBUF,104,0,0,0,0,00,0,0,TGS,16283,14606,14361,14606,80,80,60,14483,TTAB,3,0,0,0,80,00,0,0,VTMB,18,0,0,0,80,00,0,0,ZJC,1000,0,0,0,80,00,0,0
,1344,0,5E,84,23:06:49.93,2018/03/14,SY1,2,1,80,3,21,3,52,192,1,244,52,1,296,1048,1,1984,SC1BH,03:05:40.30,2018/03/14,03:05:40.30,2018/03/14,1436,00:00:00.05,1200,,SP7.2.4,z/OS 2.4,4381,2096640,,,N1M1,60,254,2,17,99,0,56,40,1200,69,0,0,0,1131,0,0,0,0,0,0,0,1048,2,48,56,5,328,40,18,<16M USER,5218304,1175552,1175552,1175552,1175552,<16M SYSTEM,5218304,417792,417792,417792,417792,>16M USER,1890582528,878616576,878616576,878616576,878616576,>16M SYSTEM,1890582528,14217216,14217216,14217216,14217216,>2G PRIVATE,17592186040320,898629632,898629632,898629632,898629632,BERT,15150,177,177,177,80,00,0,177,BSCB,38,0,0,0,80,00,0,0,BUFX,236,0,0,2,80,00,0,0,CKVR,2,0,0,1,80,00,0,0,CMBS,204,0,0,0,80,00,0,0,CMDS,200,0,0,0,80,00,0,0,ICES,100,0,0,0,80,00,0,0,JNUM,15000,3639,3580,3639,80,00,0,3609,JOES,15000,10812,10635,10812,80,00,0,10723,JQES,15000,3639,3580,3639,80,00,0,3609,LBUF,134,0,0,0,80,00,0,0,NHBS,66,0,0,0,80,00,0,0,SMFB,51,0,0,0,80,00,0,0,TBUF,104,0,0,0,0,00,0,0,TGS,16283,14851,14610,14851,80,80,60,14730,TTAB,3,0,0,0,80,00,0,0,VTMB,18,0,0,0,80,00,0,0,ZJC,1000,0,0,0,80,00,0,0
,1344,0,5E,84,23:07:49.93,2018/03/14,SY1,2,1,80,3,21,3,52,192,1,244,52,1,296,1048,1,1984,SC1BH,03:06:40.40,2018/03/14,03:06:40.40,2018/03/14,1436,00:00:00.05,1200,,SP7.2.4,z/OS 2.4,4381,2096640,,,N1M1,60,254,2,21,114,0,24,46,1200,71,0,0,0,1129,0,0,0,0,0,0,0,1048,2,48,56,5,328,40,18,<16M USER,5218304,1175552,1175552,1175552,1175552,<16M SYSTEM,5218304,417792,417792,417792,417792,>16M USER,1890582528,878616576,878616576,878649344,878617668,>16M SYSTEM,1890582528,14217216,14217216,14217216,14217216,>2G PRIVATE,17592186040320,898629632,898629632,898629632,898629632,BERT,15150,177,177,177,80,00,0,177,BSCB,38,0,0,0,80,00,0,0,BUFX,236,0,0,2,80,00,0,0,CKVR,2,0,0,0,80,00,0,0,CMBS,204,0,0,0,80,00,0,0,CMDS,200,0,0,0,80,00,0,0,ICES,100,0,0,0,80,00,0,0,JNUM,15000,3699,3640,3699,80,00,0,3669,JOES,15000,10993,10815,10993,80,00,0,10904,JQES,15000,3699,3640,3699,80,00,0,3669,LBUF,134,0,0,0,80,00,0,0,NHBS,66,0,0,0,80,00,0,0,SMFB,51,0,0,0,80,00,0,0,TBUF,104,0,0,0,0,00,0,0,TGS,16283,15097,14855,15097,80,80,60,14976,TTAB,3,0,0,0,80,00,0,0,VTMB,18,0,0,0,80,00,0,0,ZJC,1000,0,0,0,80,00,0,0
,1344,0,5E,84,23:08:49.94,2018/03/14,SY1,2,1,80,3,21,3,52,192,1,244,52,1,296,1048,1,1984,SC1BH,03:07:40.60,2018/03/14,03:07:40.60,2018/03/14,1436,00:00:00.05,1200,,SP7.2.4,z/OS 2.4,4381,2096640,,,N1M1,60,254,2,28,109,0,18,45,1200,70,0,0,0,1130,0,0,0,0,0,0,0,1048,2,48,56,5,328,40,18,<16M USER,5218304,1175552,1175552,1175552,1175552,<16M SYSTEM,5218304,417792,417792,417792,417792,>16M USER,1890582528,878616576,878616576,878649344,878617122,>16M SYSTEM,1890582528,14217216,14217216,14217216,14217216,>2G PRIVATE,17592186040320,898629632,898629632,898629632,898629632,BERT,15150,177,177,177,80,00,0,177,BSCB,38,0,0,0,80,00,0,0,BUFX,236,2,0,2,80,00,0,1,CKVR,2,0,0,0,80,00,0,0,CMBS,204,0,0,0,80,00,0,0,CMDS,200,0,0,0,80,00,0,0,ICES,100,0,0,0,80,00,0,0,JNUM,15000,3759,3700,3759,80,00,0,3729,JOES,15000,11173,10995,11173,80,00,0,11084,JQES,15000,3759,3700,3759,80,00,0,3729,LBUF,134,0,0,0,80,00,0,0,NHBS,66,0,0,0,80,00,0,0,SMFB,51,0,0,0,80,00,0,0,TBUF,104,0,0,0,0,00,0,0,TGS,16283,15344,15101,15344,80,80,60,15222,TTAB,3,0,0,0,80,00,0,0,VTMB,18,0,0,0,80,00,0,0,ZJC,1000,0,0,0,80,00,0,0
,1344,0,5E,84,23:09:49.94,2018/03/14,SY1,2,1,80,3,21,3,52,192,1,244,52,1,296,1048,1,1984,SC1BH,03:08:40.70,2018/03/14,03:08:40.70,2018/03/14,1436,00:00:00.05,1200,,SP7.2.4,z/OS 2.4,4381,2096640,,,N1M1,60,254,2,27,103,0,30,43,1200,69,0,0,0,1131,0,0,0,0,0,0,0,1048,2,48,56,5,328,40,18,<16M USER,5218304,1175552,1175552,1175552,1175552,<16M SYSTEM,5218304,417792,417792,417792,417792,>16M USER,1890582528,878616576,878616576,878649344,878617122,>16M SYSTEM,1890582528,14217216,14217216,14217216,14217216,>2G PRIVATE,17592186040320,898629632,898629632,898629632,898629632,BERT,15150,177,177,177,80,00,0,177,BSCB,38,0,0,0,80,00,0,0,BUFX,236,0,0,2,80,00,0,1,CKVR,2,0,0,0,80,00,0,0,CMBS,204,0,0,0,80,00,0,0,CMDS,200,0,0,0,80,00,0,0,ICES,100,0,0,0,80,00,0,0,JNUM,15000,3819,3760,3819,80,00,0,3789,JOES,15000,11353,11176,11353,80,00,0,11264,JQES,15000,3819,3760,3819,80,00,0,3789,LBUF,134,0,0,0,80,00,0,0,NHBS,66,0,0,0,80,00,0,0,SMFB,51,0,0,0,80,00,0,0,TBUF,104,0,0,0,0,00,0,0,TGS,16283,15589,15348,15589,80,80,60,15468,TTAB,3,0,0,0,80,00,0,0,VTMB,18,0,0,0,80,00,0,0,ZJC,1000,0,0,0,80,00,0,0
,1344,0,5E,84,23:10:49.94,2018/03/14,SY1,2,1,80,3,21,3,52,192,1,244,52,1,296,1048,1,1984,SC1BH,03:09:40.80,2018/03/14,03:09:40.80,2018/03/14,1436,00:00:00.05,1200,,SP7.2.4,z/OS 2.4,4381,2096640,,,N1M1,60,254,2,20,94,0,41,40,1200,65,0,0,0,1135,0,0,0,0,0,0,0,1048,2,48,56,5,328,40,18,<16M USER,5218304,1175552,1175552,1175552,1175552,<16M SYSTEM,5218304,417792,417792,417792,417792,>16M USER,1890582528,878616576,878616576,878616576,878616576,>16M SYSTEM,1890582528,14217216,14217216,14217216,14217216,>2G PRIVATE,17592186040320,898629632,898629632,898629632,898629632,BERT,15150,177,177,177,80,00,0,177,BSCB,38,0,0,0,80,00,0,0,BUFX,236,0,0,2,80,00,0,1,CKVR,2,0,0,0,80,00,0,0,CMBS,204,0,0,0,80,00,0,0,CMDS,200,0,0,0,80,00,0,0,ICES,100,0,0,0,80,00,0,0,JNUM,15000,3879,3820,3879,80,00,0,3849,JOES,15000,11533,11356,11533,80,00,0,11444,JQES,15000,3879,3820,3879,80,00,0,3849,LBUF,134,0,0,0,80,00,0,0,NHBS,66,0,0,0,80,00,0,0,SMFB,51,0,0,0,80,00,0,0,TBUF,104,0,0,0,0,00,0,0,TGS,16283,15836,15593,15836,80,80,60,15714,TTAB,3,0,0,0,80,00,0,0,VTMB,18,0,0,0,80,00,0,0,ZJC,1000,0,0,0,80,00,0,0
,1344,0,5E,84,23:11:49.93,2018/03/14,SY1,2,1,80,3,21,3,52,192,1,244,52,1,296,1048,1,1984,SC1BH,03:10:40.90,2018/03/14,03:10:40.90,2018/03/14,1420,00:00:00.05,1180,,SP7.2.4,z/OS 2.4,4381,2096640,,,N1M1,60,254,0,26,78,0,34,31,1180,68,0,0,0,1112,0,0,0,0,0,0,0,1048,2,48,56,5,328,40,18,<16M USER,5218304,1175552,1175552,1175552,1175552,<16M SYSTEM,5218304,417792,417792,417792,417792,>16M USER,1890582528,878616576,878616576,878616576,878616576,>16M SYSTEM,1890582528,14217216,14217216,14217216,14217216,>2G PRIVATE,17592186040320,898629632,898629632,898629632,898629632,BERT,15150,177,177,177,80,00,0,177,BSCB,38,0,0,0,80,00,0,0,BUFX,236,2,0,2,80,00,0,1,CKVR,2,0,0,1,80,00,0,0,CMBS,204,0,0,0,80,00,0,0,CMDS,200,0,0,0,80,00,0,0,ICES,100,0,0,0,80,00,0,0,JNUM,15000,3938,3880,3938,80,00,0,3909,JOES,15000,11710,11536,11710,80,00,0,11623,JQES,15000,3938,3880,3938,80,00,0,3909,LBUF,134,0,0,0,80,00,0,0,NHBS,66,0,0,0,80,00,0,0,SMFB,51,0,0,0,80,00,0,0,TBUF,104,0,0,0,0,00,0,0,TGS,16283,16077,15840,16077,80,80,59,15958,TTAB,3,0,0,0,80,00,0,0,VTMB,18,0,0,0,80,00,0,0,ZJC,1000,0,0,0,80,00,0,0
,1344,0,5E,84,23:12:49.93,2018/03/14,SY1,2,1,80,3,21,3,52,192,1,244,52,1,296,1048,1,1984,SC1BH,03:11:40.00,2018/03/14,03:11:40.00,2018/03/14,1436,00:00:00.05,1200,,SP7.2.4,z/OS 2.4,4381,2096640,,,N1M1,60,254,1,19,84,0,27,32,1200,129,0,0,0,1071,0,0,0,0,0,0,0,1048,2,48,56,5,328,40,18,<16M USER,5218304,1175552,1175552,1175552,1175552,<16M SYSTEM,5218304,417792,417792,417792,417792,>16M USER,1890582528,878616576,878616576,878649344,878617122,>16M SYSTEM,1890582528,14462976,14217216,14462976,14256128,>2G PRIVATE,17592186040320,898629632,898629632,898629632,898629632,BERT,15150,179,177,179,80,00,0,177,BSCB,38,0,0,0,80,00,0,0,BUFX,236,4,0,4,80,00,0,2,CKVR,2,0,0,0,80,00,0,0,CMBS,204,0,0,0,80,00,0,0,CMDS,200,0,0,0,80,00,0,0,ICES,100,0,0,0,80,00,0,0,JNUM,15000,3990,3939,3990,80,00,0,3968,JOES,15000,11861,11713,11861,80,00,0,11799,JQES,15000,3990,3939,3990,80,00,0,3968,LBUF,134,0,0,0,80,00,0,0,NHBS,66,0,0,0,80,00,0,0,SMFB,51,0,0,0,80,00,0,0,TBUF,104,0,0,0,0,00,0,0,TGS,16283,16283,16081,16283,80,80,60,16199,TTAB,3,0,0,0,80,00,0,0,VTMB,18,0,0,0,80,00,0,0,ZJC,1000,0,0,0,80,00,0,0
,1344,0,5E,84,23:13:49.93,2018/03/14,SY1,2,1,80,3,21,3,52,192,1,244,52,1,296,1048,1,1984,SC1BH,03:12:40.10,2018/03/14,03:12:40.10,2018/03/14,1436,00:00:00.05,1200,,SP7.2.4,z/OS 2.4,4381,2096640,,,N1M1,60,254,2,24,119,0,127,50,1200,371,0,0,0,829,0,0,0,0,0,0,0,1048,2,48,56,5,328,40,18,<16M USER,5218304,1175552,1175552,1175552,1175552,<16M SYSTEM,5218304,417792,417792,417792,417792,>16M USER,1890582528,878616576,878616576,878649344,878617122,>16M SYSTEM,1890582528,14462976,14462976,14462976,14462976,>2G PRIVATE,17592186040320,898629632,898629632,898629632,898629632,BERT,15150,179,179,179,80,00,0,179,BSCB,38,0,0,0,80,00,0,0,BUFX,236,4,4,4,80,00,0,4,CKVR,2,0,0,0,80,00,0,0,CMBS,204,0,0,0,80,00,0,0,CMDS,200,0,0,0,80,00,0,0,ICES,100,0,0,0,80,00,0,0,JNUM,15000,3990,3990,3990,80,00,0,3990,JOES,15000,11861,11861,11861,80,00,0,11861,JQES,15000,3990,3990,3990,80,00,0,3990,LBUF,134,0,0,0,80,00,0,0,NHBS,66,0,0,0,80,00,0,0,SMFB,51,0,0,0,80,00,0,0,TBUF,104,0,0,0,0,00,0,0,TGS,16283,16283,16283,16283,80,80,60,16283,TTAB,3,0,0,0,80,00,0,0,VTMB,18,0,0,0,80,00,0,0,ZJC,1000,0,0,0,80,00,0,0
,1344,0,5E,84,23:14:49.95,2018/03/14,SY1,2,1,80,3,21,3,52,192,1,244,52,1,296,1048,1,1984,SC1BH,03:13:40.20,2018/03/14,03:13:40.20,2018/03/14,1436,00:00:00.05,1200,,SP7.2.4,z/OS 2.4,4381,2096640,,,N1M1,60,254,2,27,114,0,35,47,1200,497,0,0,0,702,0,0,0,1,0,0,0,1048,2,48,56,5,328,40,18,<16M USER,5218304,1175552,1175552,1175552,1175552,<16M SYSTEM,5218304,417792,417792,417792,417792,>16M USER,1890582528,879120384,878616576,879120384,878707166,>16M SYSTEM,1890582528,14221312,14221312,14823424,14443315,>2G PRIVATE,17592186040320,898629632,898629632,898629632,898629632,BERT,15150,189,179,190,80,00,0,181,BSCB,38,0,0,0,80,00,0,0,BUFX,236,22,4,50,80,00,0,8,CKVR,2,0,0,1,80,00,0,0,CMBS,204,0,0,0,80,00,0,0,CMDS,200,0,0,0,80,00,0,0,ICES,100,0,0,0,80,00,0,0,JNUM,15000,3801,3795,3990,80,00,0,3962,JOES,15000,7748,7748,11861,80,00,0,11267,JQES,15000,3801,3795,3990,80,00,0,3962,LBUF,134,0,0,0,80,00,0,0,NHBS,66,0,0,0,80,00,0,0,SMFB,51,0,0,0,80,00,0,0,TBUF,104,0,0,0,0,00,0,0,TGS,16283,15733,15709,16283,80,80,60,16203,TTAB,3,0,0,0,80,00,0,0,VTMB,18,0,0,0,80,00,0,0,ZJC,1000,0,0,0,80,00,0,0
,1344,0,5E,84,23:15:50.07,2018/03/14,SY1,2,1,80,3,21,3,52,192,1,244,52,1,296,1048,1,1984,SC1BH,03:14:40.30,2018/03/14,03:14:40.30,2018/03/14,1436,00:00:00.05,1200,,SP7.2.4,z/OS 2.4,4381,2096640,,,N1M1,60,254,1,25,112,0,31,46,1200,709,0,0,0,491,0,0,0,0,0,0,0,1048,2,48,56,5,328,40,18,<16M USER,5218304,1175552,1175552,1175552,1175552,<16M SYSTEM,5218304,417792,417792,417792,417792,>16M USER,1890582528,879124480,879120384,879124480,879124275,>16M SYSTEM,1890582528,14225408,14221312,14487552,14243635,>2G PRIVATE,17592186040320,898629632,898629632,898629632,898629632,BERT,15150,189,187,191,80,00,0,189,BSCB,38,0,0,0,80,00,0,0,BUFX,236,25,20,52,80,00,0,29,CKVR,2,0,0,1,80,00,0,0,CMBS,204,0,0,39,80,00,0,1,CMDS,200,0,0,0,80,00,0,0,ICES,100,0,0,0,80,00,0,0,JNUM,15000,3772,3770,3799,80,00,0,3785,JOES,15000,6207,6207,7728,80,00,0,6986,JQES,15000,3772,3770,3799,80,00,0,3785,LBUF,134,0,0,0,80,00,0,0,NHBS,66,0,0,0,80,00,0,0,SMFB,51,0,0,0,80,00,0,0,TBUF,104,0,0,0,0,00,0,0,TGS,16283,15712,15706,15734,80,80,60,15720,TTAB,3,0,0,0,80,00,0,0,VTMB,18,0,0,0,80,00,0,0,ZJC,1000,0,0,0,80,00,0,0
,1344,0,5E,84,23:16:50.21,2018/03/14,SY1,2,1,80,3,21,3,52,192,1,244,52,1,296,1048,1,1984,SC1BH,03:15:40.40,2018/03/14,03:15:40.40,2018/03/14,1436,00:00:00.05,1191,,SP7.2.4,z/OS 2.4,4381,2096640,,,N1M1,60,254,2,26,119,0,27,48,1191,654,0,0,0,535,0,0,0,2,0,0,0,1048,2,48,56,5,328,40,18,<16M USER,5218304,1175552,1175552,1175552,1175552,<16M SYSTEM,5218304,417792,417792,421888,417860,>16M USER,1890582528,879124480,879124480,879157248,879125026,>16M SYSTEM,1890582528,14225408,14225408,14233600,14225613,>2G PRIVATE,17592186040320,898629632,898629632,898629632,898629632,BERT,15150,188,187,192,80,00,0,188,BSCB,38,0,0,0,80,00,0,0,BUFX,236,22,20,49,80,00,0,29,CKVR,2,0,0,1,80,00,0,0,CMBS,204,0,0,0,80,00,0,0,CMDS,200,0,0,0,80,00,0,0,ICES,100,0,0,0,80,00,0,0,JNUM,15000,3726,3726,3774,80,00,0,3750,JOES,15000,4272,4272,6178,80,00,0,5253,JQES,15000,3726,3726,3774,80,00,0,3750,LBUF,134,0,0,0,80,00,0,0,NHBS,66,0,0,0,80,00,0,0,SMFB,51,0,0,2,80,00,0,0,TBUF,104,0,0,0,0,00,0,0,TGS,16283,15640,15640,15718,80,80,60,15680,TTAB,3,0,0,0,80,00,0,0,VTMB,18,0,0,0,80,00,0,0,ZJC,1000,0,0,0,80,00,0,0
